name,address,phone,personnummer
Kristina Blomberg,"Ringvägen 06, 64659 Kalmar",099-22 72 57,591202-5292
Mariann Stark Gustavsson,"Åkergatan 64, 59317 Trelleborg",+46 (0)83 21 31 49,840925-9846
Jasmine Blomqvist Pettersson,"Ringstigen 2, 74146 Malmö",025-24 85 03,570909-2034
Thea Larsson-Bergstrand,"Stationsgränd 10, 22740 Alingsås",+46 (0)758 556 37,910527-3057
Kristina Lundberg,"Ängsstigen 14, 96350 Uppsala",0070-014 34,700115-0627
Lena Karlsson,"Industrivägen 316, 29657 Falun",08-78 36 59,560803-8641
Ingegärd Johansson,"Villavägen 0, 44256 Jönköping",+46 (0)451 467 05,771211-1009
Elin Eriksson,"Idrottsgränd 543, 12677 Varberg",0634-07 38 10,941208-9022
Annikki Larsson,"Åkergränd 271, 83946 Växjö",0665-38 60 26,360907-5977
Moa Johansson,"Kvarnvägen 270, 30543 Umeå",08-441 00 26,550101-8500
Kajsa Karlsson,"Kyrkgränd 4, 24700 Karlskrona",+46 (0)8 573 605 98,700412-4975
Anna-Karin Karlsson,"Ringgatan 261, 83499 Karlskoga",015-561 70 98,850407-0510
Emma Hallberg,"Villagatan 0, 97279 Malmö",002-87 48 92,920824-7032
Karin Sjöström,"Kyrkovägen 41, 37228 Karlskrona",052-824 95 99,560820-7469
Kristina Omar,"Stationsgatan 4, 75053 Skellefteå",+46 (0)8 661 304 67,660901-6750
Margit Nilsson,"Trädgårdsvägen 5, 40697 Luleå",079-021 98 99,900511-0326
Sandra Pettersson,"Kyrkogatan 209, 91585 Lund",+46 (0)8 963 134 63,900201-9900
Alicia Pålsson,"Strandvägen 599, 16910 Karlstad",045-88 39 81,710228-3640
Margot Samuelsson,"Åkervägen 67, 55880 Falun",08-626 704 15,990825-8677
Elin Robertsson,"Furugränd 003, 89053 Södertälje",08-359 10 30,890122-2250
Yvonne Andersson,"Skolvägen 66, 37163 Eskilstuna",0485-75 89 18,870321-1345
Julia Lundmark-Karlsson,"Idrottstorget 935, 36886 Halmstad",070-557 83 02,810826-8072
Solveig Hansson-Andersson,"Nygatan 314, 65418 Varberg",010-56 07 70,810530-5869
Monica Johansson-Ericson,"Ektorget 5, 43064 Varberg",08-78 52 26,020903-0360
Helena Werner,"Trädgårdsvägen 691, 10651 Karlskrona",08-836 12 76,990425-4589
Maria Abdi,"Skogstorget 2, 51756 Uddevalla",+46 (0)92 88 08 12,800601-9205
Linnea Persson,"Trädgårdsgränd 9, 84701 Malmö",072-74 41 42,531218-9045
Emelie Nilsson,"Skolgatan 8, 58173 Piteå",08-22 77 10,830316-7921
Anneli Nilsson,"Fabrikstorget 23, 56469 Stockholm",+46 (0)64 25 63 94,591025-3086
Jenny Strömberg,"Trädgårdsvägen 7, 99213 Stockholm",08-83 92 09,610124-2102
Yvonne Bengtsson,"Kvarnstigen 5, 31646 Falun",0400-856 03,750816-9906
Olga Sundström,"Ekvägen 9, 63985 Östersund",0017-72 73 92,000729-2626
Marie-Louise Dahlqvist,"Strandgatan 16, 76860 Trelleborg",+46 (0)8 043 043 43,951219-1827
Gun-Britt Mattsson,"Aspvägen 92, 40653 Karlskoga",08-189 531 27,360509-7157
Ulla Lindgren-Thulin,"Grantorget 71, 82669 Kalmar",08-409 89 12,490205-4156
Yvonne Omar,"Furugatan 93, 72453 Trollhättan",071-890 90 34,960118-3750
Susanne Johansson,"Ringtorget 4, 91873 Karlstad",+46 (0)27 67 10 69,400615-2179
Ylva Johansson,"Industritorget 8, 23859 Jönköping",08-166 154 19,831015-6966
Viola Johansson Eriksson,"Kvarntorget 56, 14887 Örnsköldsvik",+46 (0)406 906 03,000528-6208
Britt Friberg,"Strandgatan 3, 74190 Kristianstad",08-786 71 48,810127-9324
Amanda Nordström,"Nytorget 18, 99930 Mölndal",+46 (0)302 122 01,950610-3333
Karin Söderlund,"Björkgatan 02, 47234 Kalmar",08-99 49 04,780522-8538
Jenny Jakobsson,"Bäcktorget 02, 69826 Kristianstad",08-034 187 51,840325-4447
Elsa Fransson,"Parkvägen 71, 28085 Östersund",+46 (0)8 046 646 20,570727-4113
Margareta Bergström-Johansson,"Skoltorget 403, 25754 Jönköping",0170-184 40,601221-1162
Elisabet Svensson,"Furustigen 431, 47201 Alingsås",08-027 46 87,370410-2593
Birgitta Hansson,"Idrottsgatan 26, 48965 Västerås",+46 (0)829 106 06,361223-8190
Elisabeth Hult Hellström,"Björktorget 5, 15204 Halmstad",071-76 51 08,010819-2915
Inga-Lill Nilsson,"Ängsgränd 569, 78984 Eskilstuna",+46 (0)317 925 93,830304-0193
Malin Davidsson,"Parkvägen 270, 44585 Uppsala",08-15 92 41,641013-8579
Signe Andersson,"Kvarngränd 522, 84097 Skövde",039-89 51 12,710516-8236
Annika Ekström,"Björkgatan 1, 58433 Lund",+46 (0)8 374 240 73,740316-2550
Margareta Johannesson,"Björkgränd 342, 47201 Halmstad",+46 (0)327 774 44,400611-4310
Elena Nordin Magnusson,"Bäcktorget 56, 18251 Trelleborg",08-86 72 95,760918-6452
Christina Östlund,"Industristigen 10, 40778 Landskrona",0186-31 24 39,680403-4699
Anna Carlsson,"Nygränd 439, 74867 Norrköping",08-050 80 63,020113-8070
Julia Svensson-Aronsson,"Parkvägen 5, 57473 Falun",+46 (0)91 86 31 01,450814-5291
Elinor Karlsson Nord,"Idrottsvägen 1, 46591 Skellefteå",08-503 83 18,790905-0960
Elisabeth Jonsson,"Kyrkovägen 540, 58107 Landskrona",08-29 66 24,880516-8179
Linnéa Larsson,"Parkvägen 552, 55831 Trelleborg",073-51 38 03,680530-1600
Anita Khan,"Idrottsgatan 82, 56665 Mölndal",+46 (0)8 486 848 64,550920-1330
Agnes Ottosson,"Skolvägen 47, 95340 Falun",+46 (0)8 850 053 50,740324-7690
Margareta Björklund,"Nygatan 6, 43630 Örebro",010-31 87 66,380827-0593
Margareta Danielsson-Andreasson,"Nygränd 78, 23786 Umeå",+46 (0)8 617 009 40,770703-0164
Therése Melin,"Fabriksgatan 9, 79481 Motala",+46 (0)8 050 487 15,010202-4973
Susanna Persson,"Industrigatan 574, 83146 Alingsås",+46 (0)8 663 930 60,910427-5749
Christin Karlsson,"Bäckvägen 1, 74109 Luleå",0889-53 88 59,671022-3337
Marie Magnusson,"Skolvägen 72, 37347 Sandviken",037-41 19 40,371203-9753
Maria Sundberg,"Åkergatan 980, 74699 Örnsköldsvik",08-00 35 42,581014-3163
Stina Axelsson,"Ringgränd 8, 16301 Gävle",+46 (0)8 347 153 92,981031-5714
Sofia Ibrahim Löf,"Ängstorget 9, 27911 Trollhättan",0489-40 72 71,841221-6098
Ann-Sofie Johansson,"Ängsstigen 0, 49718 Alingsås",+46 (0)09 47 27 88,720802-1092
Pia Sjödin,"Industrigatan 4, 89726 Mölndal",+46 (0)10 43 54 19,560722-3962
Alice Lundqvist Friberg,"Björkvägen 88, 10821 Borås",+46 (0)8 612 845 76,651228-1533
Moa Nilsson,"Industrivägen 034, 29089 Skövde",+46 (0)86 74 28 32,621221-8439
Irene Olofsson,"Järnvägsgatan 69, 58858 Borås",0369-97 48 93,791105-7318
Kerstin Möller-Bäckman,"Parkgatan 167, 95844 Skövde",059-74 42 19,820713-5859
Eva Hansson,"Björkvägen 0, 47630 Västerås",087-565 17 25,401010-7821
Samira Larsson,"Fabriksgatan 9, 88963 Falun",0335-854 66,681202-2447
Maria Eklund Olofsson,"Idrottsstigen 4, 71757 Ängelholm",08-989 093 81,890401-8192
Linnéa Sundström,"Skogsstigen 19, 23787 Kalmar",08-186 696 84,620109-6911
Katja Olsson-Ahmed,"Kyrkvägen 0, 83310 Sandviken",+46 (0)839 920 80,570225-6891
Kristina Lindqvist,"Gengränd 6, 45438 Karlskrona",0397-89 66 30,430307-5800
Karin Bergqvist,"Industrigränd 05, 87630 Skövde",0227-906 68,980813-4705
Teresia Lundberg,"Gengränd 77, 54689 Motala",08-843 18 55,571126-4399
Elsa Viklund-Sundberg,"Åkergatan 8, 32433 Landskrona",+46 (0)830 688 46,690516-5236
Maria Dahlberg Karlsson,"Ängsstigen 0, 19779 Falun",053-182 34 55,450724-8120
Irene Grönlund,"Idrottsstigen 976, 12088 Malmö",08-574 773 88,580322-7841
Elisabet Johansson,"Trädgårdstorget 4, 86009 Umeå",+46 (0)212 438 98,720415-4723
Ellen Eriksson Eriksson,"Fabriksgatan 14, 46796 Kalmar",033-69 29 90,670817-7677
Ruth Carlsson,"Bäckstigen 1, 70100 Uppsala",0798-51 70 32,440726-3427
Inga Andersson,"Gengatan 470, 47715 Borås",+46 (0)09 08 22 75,360718-2015
Suzanne Svensson,"Villagatan 0, 24691 Östersund",08-838 229 17,441025-7747
Eva Gustafsson-Olofsson,"Gengatan 1, 92585 Växjö",0270-47 73 96,030514-0006
Sofia Eriksson,"Industritorget 9, 17568 Halmstad",+46 (0)8 613 041 40,560610-7018
Josefin Strömberg,"Industrivägen 69, 78340 Uddevalla",017-42 13 13,601210-5430
Tina Ali,"Backgatan 35, 24265 Jönköping",08-178 111 27,620814-3393
Carina Bäckman,"Järnvägsstigen 98, 14198 Växjö",+46 (0)70 21 33 39,950323-4149
Eva Hussein,"Parkvägen 36, 37655 Borlänge",08-90 19 50,850428-3923
Eva Johansson,"Parktorget 5, 99893 Karlstad",020-569 42 24,690518-9897
Natalie Åberg,"Industrigatan 85, 68104 Luleå",+46 (0)77 76 33 36,890326-9333
Maria Nilsson,"Industrigränd 3, 10569 Karlskrona",08-766 03 96,751230-9027
Karin Hägglund-Andersson,"Trädgårdsgränd 3, 53579 Norrköping",0876-75 99 85,770422-9561
Gun Danielsson,"Industrigatan 933, 38925 Stockholm",+46 (0)738 141 41,470911-0326
Lena Nilsson Svärd,"Parkgatan 64, 54226 Nyköping",+46 (0)941 213 18,661016-2239
Camilla Månsson Abrahamsson,"Kvarnvägen 4, 14868 Luleå",0850-51 35 86,850616-7512
Siri Andersson,"Åkervägen 504, 69040 Västerås",+46 (0)8 125 974 23,520817-6429
Barbro Persson,"Fabriksgränd 94, 34304 Trollhättan",08-10 85 92,360715-9682
Karin Jeppsson,"Aspgränd 4, 97763 Uppsala",+46 (0)066 185 69,640830-0389
Elisabeth Hansson,"Ringvägen 141, 60901 Umeå",084-94 36 39,520114-1859
Maarit Arvidsson,"Åkergatan 6, 91950 Mölndal",062-33 71 62,511205-1783
Catarina Karlsson,"Kyrkovägen 12, 33333 Umeå",052-53 93 30,640907-6863
Mari Bergqvist Andersson,"Ängsgatan 4, 39961 Piteå",08-500 65 06,520114-6379
Maria Gustavsson,"Stationsvägen 4, 56594 Borlänge",084-881 71 40,390622-9798
Matilda Nilsson,"Järnvägsstigen 5, 37015 Nyköping",+46 (0)920 984 30,880114-4703
Johanna Karlsson Norén,"Bäcktorget 15, 32198 Stockholm",+46 (0)79 81 78 17,520714-8825
Ellen Jakobsson,"Industrigatan 6, 60017 Linköping",0689-628 95,730131-0483
Amanda Boström,"Stationsgatan 9, 36386 Uppsala",08-956 74 82,670330-7444
Agneta Larsson,"Åkertorget 80, 93194 Örnsköldsvik",009-958 78 35,460115-0438
Lena Emanuelsson Hägglund,"Villavägen 5, 40206 Eskilstuna",08-753 09 65,640602-5434
Elisabet Stenlund,"Ringvägen 1, 15168 Norrköping",096-886 78 32,530711-8793
Marina Pettersson,"Kvarngatan 59, 48895 Helsingborg",006-037 00 57,900530-8797
Lily Holmgren,"Industrigatan 4, 70120 Varberg",+46 (0)066 938 44,010331-3854
Nina Johansson,"Nytorget 195, 89067 Jönköping",08-788 356 67,450213-8599
Lillemor Andersson,"Bäcktorget 69, 46193 Örebro",08-754 44 59,840613-3390
Marie Strömberg-Magnusson,"Idrottsgränd 12, 34795 Gävle",+46 (0)8 300 442 79,781209-4915
Elin Stenström,"Björkgatan 864, 48586 Varberg",08-845 65 23,840514-6385
Birgitta Persson,"Trädgårdsgatan 40, 25456 Sandviken",08-592 257 46,641022-8859
Karina Nilsson,"Skolgatan 73, 49146 Uddevalla",08-58 31 31,680229-6191
Ebba Jansson,"Kyrkostigen 48, 86916 Jönköping",0784-68 31 66,700918-9908
Pernilla Jansson,"Villastigen 218, 16578 Landskrona",0283-533 22,540701-2516
Livia Strömberg,"Gengatan 677, 36739 Uppsala",0175-82 05 17,450828-8802
Erika Eriksson,"Grangatan 14, 88167 Malmö",0746-731 58,900712-8805
Amanda Nordqvist,"Skogsvägen 2, 98160 Karlskrona",08-65 44 86,540922-2501
Ulrika Hansson,"Bäckgatan 16, 99171 Västerås",+46 (0)8 257 783 79,870102-3718
Elisabet Lövgren,"Parkvägen 837, 91114 Norrköping",0424-870 13,480229-6808
Anette Nilsson,"Gengränd 2, 92539 Norrköping",+46 (0)72 36 78 32,770327-2380
Margareta Eriksson,"Industristigen 5, 94909 Piteå",0564-959 06,610915-5900
Tova Söderman,"Kvarntorget 24, 44383 Nyköping",08-954 155 55,631027-0456
Elisabet Larsson,"Idrottsgatan 625, 69160 Gävle",08-28 70 71,731002-1477
Nanna Nordin,"Genvägen 67, 39912 Lidingö",0087-956 38,730120-4108
Linda Jönsson,"Nystigen 02, 10686 Borås",08-512 183 57,690401-1134
Elisabeth Brännström-Gustafsson,"Villagatan 81, 22557 Lidköping",022-86 05 31,980406-0540
Marie Lindberg,"Parkgatan 96, 83118 Lidingö",0885-896 82,050903-1266
Charlotta Lennartsson,"Granvägen 1, 81587 Gävle",+46 (0)61 47 21 36,820112-8934
Natalia Johansson,"Villastigen 84, 82498 Kristianstad",+46 (0)62 53 81 85,070318-4895
Maria Andersson Norman,"Parkvägen 975, 97353 Örebro",0071-442 81,761013-7551
Katarina Karlsson-Karlsson,"Ängsstigen 40, 69655 Borås",08-363 39 93,000723-9320
Sofia Öberg Hansson,"Fabriksstigen 630, 96378 Landskrona",+46 (0)8 045 983 11,730913-5205
Leia Blom,"Åkertorget 9, 72700 Västerås",0625-25 64 84,001227-7703
Emelie Johansson,"Storgatan 166, 91003 Kalmar",08-36 68 37,660108-3352
Maria Ljungqvist Hagström,"Parktorget 737, 47458 Trollhättan",+46 (0)8 218 698 36,931123-6559
Signe Dahlberg Danielsson,"Ringgatan 690, 96990 Varberg",08-378 96 56,820225-0430
Marie Sandström,"Gengatan 051, 25727 Varberg",08-67 49 28,530915-7518
Gunvor Sjöberg,"Storstigen 38, 80185 Karlskrona",+46 (0)8 319 629 28,710209-0136
Cecilia Johnson Söderström,"Trädgårdsgatan 841, 74584 Halmstad",+46 (0)8 385 450 97,891212-8025
Ingeborg Lundquist,"Kvarnstigen 846, 74185 Uppsala",021-322 13 04,990818-7744
Viktoria Nielsen-Hedlund,"Bäckgatan 27, 81664 Skövde",08-592 03 54,361111-4145
Inger Lindgren-Karlsson,"Kyrkogatan 34, 61533 Södertälje",+46 (0)8 569 604 08,670530-9463
Agneta Holmström,"Trädgårdstorget 87, 65632 Skövde",+46 (0)8 261 754 50,830921-8272
Maya Lundgren,"Skolstigen 694, 95066 Piteå",+46 (0)8 673 697 84,031224-5145
Pia Johansson,"Skolstigen 673, 89604 Karlskoga",093-858 95 04,720509-9109
Annelie Sjölund Gustafsson,"Bäckvägen 349, 79143 Östersund",+46 (0)402 165 79,030409-6332
Filippa Backman Eliasson,"Industritorget 549, 48744 Skellefteå",08-74 70 39,990624-6831
Charlotte Karlsson,"Strandvägen 54, 16998 Halmstad",0652-250 62,890613-4914
Lilian Karlsson,"Järnvägsvägen 0, 16259 Helsingborg",08-72 34 93,361229-0233
Maria Norlin,"Bäckgränd 79, 88859 Luleå",08-211 809 89,521003-1299
Marie Axelsson,"Storvägen 176, 84168 Norrköping",0551-671 22,420821-8919
Marianne Björklund,"Stationsgränd 080, 86976 Borlänge",0641-96 66 27,950108-5667
Emilia Gren-Andersson,"Kyrkstigen 2, 78347 Västerås",039-874 86 27,701209-0341
Evy Skog,"Villavägen 6, 49766 Nyköping",08-835 037 89,800905-3813
Gunilla Elofsson,"Björkgatan 354, 78541 Göteborg",0191-47 16 43,570622-6783
Maria Gustafsson-Eliasson,"Aspvägen 59, 49212 Alingsås",08-56 85 42,970516-7626
Karin Berg,"Parkgränd 8, 49579 Eskilstuna",+46 (0)15 42 10 48,501224-6467
Sandra Jakobsson,"Storstigen 947, 42675 Skellefteå",+46 (0)570 696 27,530816-5231
Ingrid Håkansson,"Industrigränd 321, 91013 Karlstad",0332-923 94,540509-5778
Gunvor Petersson,"Fabriksgatan 4, 32958 Uddevalla",+46 (0)58 31 25 37,410315-8186
Eva Eriksson,"Nyvägen 195, 86458 Lund",+46 (0)8 146 369 82,610419-8863
Beatrice Dahl,"Ängstorget 5, 92729 Norrköping",+46 (0)076 401 11,620816-1684
Sara Friberg,"Industrigränd 42, 66500 Norrköping",+46 (0)8 726 601 76,470310-8037
Julia Backlund,"Ängsvägen 3, 25927 Kristianstad",0685-096 39,010209-0586
Isabella Melin,"Gengatan 920, 89582 Malmö",+46 (0)8 005 641 09,480723-9480
Jennifer Ahmad,"Gentorget 30, 88596 Örebro",+46 (0)04 43 48 14,690219-4049
Elisabet Hall Olsson,"Kyrkogatan 81, 24552 Uppsala",054-654 48 43,991112-0872
Sofia Blomberg,"Kvarntorget 040, 29438 Karlskrona",08-454 04 39,930802-1600
Lovisa Omar,"Järnvägsvägen 2, 79452 Falun",+46 (0)278 976 58,881222-9030
Inger Hansson,"Grangatan 60, 11969 Karlskrona",+46 (0)8 847 669 91,480411-9735
Yvonne Eriksson-Jonsson,"Kyrkogatan 2, 37728 Stockholm",08-426 400 86,860513-4603
Madelene Edström,"Stationsvägen 42, 88545 Växjö",047-928 53 24,790228-8765
Hanna Roth,"Kyrkovägen 99, 70134 Alingsås",+46 (0)995 407 84,680125-3862
Annikki Söderlund,"Kyrkovägen 94, 11874 Trelleborg",+46 (0)465 833 75,551116-3668
Elisabeth Carlberg,"Skolvägen 038, 33236 Falun",020-519 06 12,480119-8963
Carina Persson,"Bäckvägen 0, 25848 Helsingborg",0062-408 59,050713-9863
Leona Christensen,"Parkgatan 46, 69162 Karlstad",08-698 233 83,040402-0190
Mia Augustsson,"Granvägen 41, 70012 Landskrona",096-19 57 42,460629-3696
Linnéa Hellström,"Backvägen 9, 53689 Karlstad",+46 (0)228 807 56,940928-6961
Sofia Karlsson,"Backstigen 0, 20148 Östersund",08-235 574 65,040103-9896
Sonja Lundgren,"Skogsvägen 43, 93101 Norrköping",08-361 20 18,780405-7052
Karin Håkansson,"Kyrkgatan 9, 56039 Motala",08-908 603 30,920220-1050
Ingrid Carlsson Lindqvist,"Villavägen 228, 19894 Östersund",08-023 83 36,460908-3243
Camilla Johansson,"Åkergatan 41, 43050 Umeå",+46 (0)247 033 06,671117-3887
Kerstin Sandberg,"Furutorget 442, 51943 Umeå",08-62 29 29,771219-4575
Margareta Nyberg,"Kyrkogatan 020, 98689 Jönköping",08-093 75 80,771113-6304
Maria Mustafa,"Ängsstigen 433, 39000 Alingsås",0009-816 31,540812-8204
Maria Eriksson,"Kyrkgatan 6, 37333 Motala",0434-358 34,031014-5602
Monica Davidsson,"Parktorget 964, 47552 Falun",0476-945 52,991008-9805
Nicole Öberg,"Grangatan 243, 35701 Umeå",+46 (0)993 969 48,711228-2020
Kristina Wahlström,"Åkertorget 1, 29664 Karlskoga",08-052 25 09,910713-7995
Madeleine Wallgren,"Villagränd 00, 32294 Karlskrona",0179-33 94 51,530710-2722
Anna Issa,"Strandgatan 1, 95099 Örebro",053-412 07 40,510622-7423
Karin Sköld Svantesson,"Strandstigen 60, 77690 Östersund",08-463 57 48,881124-3487
Berit Boström,"Stationsgatan 80, 93567 Mölndal",0832-813 31,060606-2966
Fanny Bergkvist-Johansson,"Skolstigen 9, 29980 Örnsköldsvik",08-942 11 00,971018-8674
Johanna Mattsson,"Storgränd 950, 26487 Uddevalla",069-578 11 25,780823-7106
Maria Ohlsson,"Bäckgränd 22, 45166 Östersund",052-529 80 53,020408-0774
Margareta Fors Pettersson,"Idrottstorget 8, 23861 Trollhättan",086-436 40 22,960509-8483
Ann-Britt Karlberg Olausson,"Fabriksstigen 5, 53163 Skellefteå",052-855 43 88,550716-9935
Britta Lundin-Carlsson,"Åkergränd 3, 32419 Gävle",0072-48 91 38,960311-5800
Evelina Salomonsson,"Villavägen 2, 72957 Malmö",099-314 05 46,530430-8348
Catharina Forsberg,"Fabriksvägen 1, 21661 Uddevalla",08-727 96 49,540526-8854
Anna Mattsson,"Idrottsvägen 249, 77914 Lidköping",08-59 84 33,570213-6721
Maria Nord,"Storstigen 492, 10905 Gävle",+46 (0)73 65 51 84,601212-1551
Jeanette Jonsson,"Skoltorget 855, 24276 Varberg",08-149 17 94,841203-0994
Marie Persson,"Ängsgränd 557, 73062 Skellefteå",+46 (0)229 142 31,981118-4556
Yvonne Hultman,"Ringgatan 20, 40299 Västerås",018-59 57 62,810429-3249
Sara Svensson Engström,"Ängsvägen 233, 67061 Göteborg",08-042 985 56,660510-2315
Therése Svanberg,"Kyrkovägen 79, 17680 Luleå",08-683 329 29,950321-1055
Anna Lindberg,"Parkvägen 246, 19845 Skellefteå",+46 (0)8 289 654 12,650307-4798
Alva Lindberg,"Strandgatan 423, 53298 Luleå",035-85 76 92,470901-6937
Ellie Fredriksson,"Furustigen 04, 32022 Göteborg",+46 (0)8 289 115 08,431018-4967
Linnea Edvardsson-Olsson,"Ekgatan 41, 43181 Karlskoga",0188-921 88,350703-1247
Emma Karlsson,"Järnvägsgatan 70, 22548 Lidingö",077-610 91 63,681014-8830
Christina Andersson,"Ängsgatan 895, 80896 Motala",013-52 73 01,611003-9614
Christine Johansson,"Skogsstigen 04, 27281 Borlänge",+46 (0)8 436 708 84,450813-2893
Anna Nyman,"Industrigatan 7, 80688 Linköping",08-73 10 76,060816-6617
Linn Lundqvist,"Fabriksgränd 9, 48268 Lidingö",08-493 13 22,030406-2698
Margareta Vilhelmsson-Karlsson,"Backvägen 9, 47358 Stockholm",08-175 40 09,791104-3433
Julia Nygren,"Kyrkgatan 46, 15150 Karlskrona",057-552 21 64,720703-0235
Nathalie Rosenberg,"Parkgränd 56, 60814 Falun",+46 (0)37 39 98 22,001008-4424
Sofie Jansson,"Kyrkogatan 06, 49464 Halmstad",0354-38 06 12,711002-8938
Esther Sjöblom,"Skogsvägen 302, 57389 Norrköping",08-772 13 58,490401-2814
Ingrid Gustavsson,"Idrottsvägen 4, 30231 Piteå",+46 (0)8 811 600 85,800113-0551
Christina Sjölin-Hassan,"Ektorget 44, 84891 Norrköping",+46 (0)468 141 72,380728-9636
Annika Axelsson,"Storgränd 7, 47965 Göteborg",08-229 561 72,640505-2280
Kerstin Sandberg Wennberg,"Aspgatan 79, 65998 Helsingborg",08-10 44 22,700418-2494
Sanna Axelsson,"Björkgatan 1, 15588 Trelleborg",+46 (0)35 03 81 02,550107-8744
Ann-Charlott Persson,"Backgatan 539, 24547 Uddevalla",+46 (0)40 97 40 48,550111-5207
Evy Nilsson,"Järnvägsgränd 3, 66205 Örnsköldsvik",+46 (0)8 841 642 06,970215-6895
Ingrid Andersson Khan,"Kyrkgatan 598, 84980 Trollhättan",017-564 08 57,960815-3269
Angelika Svensson,"Strandstigen 8, 99738 Halmstad",079-968 74 13,620310-8177
Maria Alm,"Bäckgatan 658, 43700 Kristianstad",023-766 53 35,591006-9508
Rebecka Karlström Holmqvist,"Idrottsgatan 18, 59021 Göteborg",08-063 74 83,950327-5845
Karin Widén Bergsten,"Aspvägen 2, 12803 Stockholm",0591-078 62,490627-6623
Anna Bäck,"Parkstigen 94, 44380 Helsingborg",+46 (0)8 530 227 73,891101-6742
Helén Ingvarsson-Nylén,"Björkvägen 099, 45287 Gävle",08-268 72 68,471021-0214
Karolina Söderlund,"Ringvägen 295, 40848 Sundsvall",021-33 06 45,661101-9396
Natalia Karlsson,"Asptorget 0, 99122 Mölndal",0169-78 58 05,020115-4580
Inger Gunnarsson-Persson,"Strandvägen 925, 22504 Karlstad",08-31 76 01,570201-8119
Britt Karlsson,"Strandvägen 72, 94746 Södertälje",08-417 372 67,701027-7676
Anna Turesson,"Kyrkvägen 5, 84395 Halmstad",0792-302 07,431104-1976
Astrid Andersson,"Järnvägsvägen 2, 83131 Kristianstad",+46 (0)03 91 44 08,050411-1055
Helena Hansson,"Backvägen 8, 52268 Karlskoga",08-477 62 86,540924-8092
Vanessa Ekström,"Kvarngatan 9, 93102 Alingsås",+46 (0)8 211 247 87,600218-4395
Agneta Andersson,"Aspvägen 566, 63951 Motala",+46 (0)8 584 066 87,511202-6207
Sofi Rosenberg Nilsson,"Fabriksgatan 2, 44623 Borlänge",08-30 62 85,850513-2269
Maria Sahlin,"Åkervägen 763, 74584 Karlstad",0012-58 89 97,630602-1095
Eva Pettersson,"Skolgränd 190, 23675 Malmö",08-37 14 96,040821-0698
Sofia Ali,"Aspgatan 1, 22837 Norrköping",08-69 41 91,360720-5543
Lena Hansson,"Kyrkstigen 7, 70305 Malmö",0249-636 75,440302-5705
Josefina Andersson,"Industrigatan 59, 30431 Eskilstuna",032-186 39 36,050703-6168
Gunilla Haglund Eriksson,"Industrivägen 6, 72741 Skövde",025-313 69 63,940204-9481
Ingrid Persson,"Stationsvägen 5, 91512 Skellefteå",08-292 492 42,040107-6179
Margit Nyman Sahlin,"Aspgränd 9, 57187 Sundsvall",0008-32 63 25,400320-9493
Maj Östling Berg,"Bäcktorget 0, 22281 Nyköping",+46 (0)8 005 735 71,780323-6244
Heléne Johansson,"Strandvägen 1, 14994 Varberg",08-828 39 17,450329-2510
Viktoria Svensson,"Skoltorget 69, 35196 Göteborg",+46 (0)8 655 439 54,740714-9694
Anna Linder,"Nyvägen 07, 81175 Norrköping",086-88 32 81,560804-3922
Gun Johnson,"Björkvägen 043, 62610 Kristianstad",090-685 22 33,981230-5465
Barbro Hellström,"Strandtorget 595, 13421 Motala",061-894 45 69,910907-4386
Freja Dahlin,"Backgatan 42, 44875 Örebro",0006-08 01 94,890314-8347
Marie Larsson Engman,"Backstigen 345, 81651 Ängelholm",08-595 519 62,900221-7785
Sofia Edlund Wahlström,"Åkertorget 543, 64699 Södertälje",+46 (0)8 497 638 17,350920-5922
Ulrika Nilsson,"Skolgatan 7, 33711 Sundsvall",018-08 03 45,740605-1701
Lovisa Blom,"Asptorget 50, 47825 Skellefteå",08-393 622 65,061127-9555
Rosa Sjögren,"Idrottsgränd 6, 47039 Göteborg",080-10 17 70,550503-6094
Birgitta Blixt,"Furugränd 0, 48314 Borlänge",08-482 193 19,771007-2328
Iris Jonsson,"Nygränd 4, 22668 Halmstad",+46 (0)467 597 35,860920-9096
Lilly Jakobsson-Landström,"Idrottsgatan 644, 85033 Halmstad",0542-245 35,551109-9953
May Sundell,"Stortorget 061, 19597 Skövde",068-784 22 62,520517-0052
Helen Eriksson,"Industristigen 7, 41539 Karlskrona",08-694 58 45,480921-9555
Lillemor Danielsson,"Industrivägen 390, 21812 Malmö",+46 (0)15 27 64 20,630219-9457
Helena Håkansson-Nilsson,"Åkergatan 14, 25847 Södertälje",021-42 31 97,921012-0359
Elisabeth Göransson,"Storgatan 43, 38665 Västerås",0443-997 70,930809-7303
Agneta Halvarsson,"Strandgränd 9, 37825 Sundsvall",08-711 015 96,010509-0286
Anna Persson,"Skogsgatan 06, 44051 Uddevalla",08-249 942 86,500329-4336
Sofia Sundström,"Industristigen 7, 63724 Sundsvall",08-619 062 47,861223-6326
Adele Sjöström,"Kvarngränd 7, 61238 Växjö",08-357 92 61,041219-0407
Dagmar Gren,"Grangatan 201, 41225 Norrköping",+46 (0)8 420 639 27,820602-8097
Anneli Eriksson,"Ängsgatan 799, 51946 Kristianstad",+46 (0)21 03 74 39,761101-0625
Monica Håkansson,"Ängsgatan 90, 60463 Södertälje",+46 (0)8 248 278 37,530806-4194
Zahra Lindell,"Grangränd 933, 63232 Skellefteå",0519-978 89,470703-9972
Alicia Wahlström Jönsson,"Skolstigen 78, 95090 Norrköping",+46 (0)79 83 09 59,561014-8875
Marianne Lundell-Karlsson,"Järnvägstorget 81, 78389 Örebro",+46 (0)96 46 67 38,920502-8963
Eleonora Larsson,"Kyrkgatan 721, 97496 Malmö",+46 (0)07 84 73 90,550608-6650
Siv Persson,"Skogsstigen 555, 55849 Mölndal",0388-80 32 98,870122-3813
Margaretha Svanberg,"Nyvägen 4, 84761 Göteborg",0337-371 21,591024-3814
Annika Andersson,"Ängsgränd 4, 52419 Gävle",027-337 68 16,401212-3586
Frida Wilhelmsson,"Parktorget 262, 54202 Göteborg",027-86 65 05,560920-8375
Lillemor Svensson,"Strandvägen 673, 37682 Lund",08-281 981 65,691019-7521
Linn Ingvarsson,"Villavägen 63, 78717 Lidingö",010-44 04 21,830712-1833
Birgitta Björk,"Trädgårdsvägen 15, 23664 Norrköping",08-194 354 08,790911-2018
Karin Jeppsson-Gustavsson,"Fabriksgatan 40, 98914 Nyköping",+46 (0)43 78 45 47,931011-3338
Birgitta Göransson,"Skogstorget 612, 13767 Ängelholm",091-097 19 31,381027-0102
Matilda Hjort,"Ringvägen 69, 33438 Skellefteå",0925-03 66 19,490622-2668
Angela Bäckman,"Kvarnvägen 22, 87775 Karlstad",0797-233 64,850524-3777
Elisa Johansson,"Villagatan 170, 79946 Östersund",+46 (0)534 748 23,370609-7262
Matilda Hagberg,"Bäckstigen 142, 77937 Västerås",08-492 45 66,051103-0785
Hanna Berg,"Ekgränd 95, 20153 Lund",0736-462 85,770104-2256
Hassan Lindqvist,"Ängsvägen 89, 93087 Malmö",045-61 70 82,841219-8064
Sonja Roos,"Bäckvägen 10, 56148 Trollhättan",08-513 89 90,740215-4509
Marie Johnsson,"Bäckstigen 8, 58198 Örnsköldsvik",08-732 942 53,710426-4408
Gunilla Nordström,"Ekgatan 71, 91546 Varberg",08-54 40 56,941021-9134
Gerda Larsson,"Skogsvägen 92, 57636 Skövde",+46 (0)8 128 402 48,560427-5619
Marie Sköld-Nilsson,"Kyrkvägen 504, 35634 Sandviken",045-34 59 54,891010-9514
Anette Martinsson-Johansson,"Idrottsgatan 083, 55093 Halmstad",08-29 01 03,430330-8755
Louise Olofsson,"Åkergatan 70, 13852 Stockholm",08-534 92 95,490807-5015
Emilia Jönsson,"Stationstorget 1, 94223 Alingsås",+46 (0)8 884 185 03,601211-4945
Amelia Persson,"Idrottsgatan 0, 75994 Motala",08-737 03 70,561214-5523
Maria Andersson,"Kyrkvägen 30, 37428 Skellefteå",086-27 64 96,381209-0904
Dagmar Eriksson,"Genstigen 5, 52501 Halmstad",0388-102 79,471003-6650
Gunilla Andersson,"Villatorget 503, 67758 Helsingborg",08-64 66 44,031222-6376
Marie Johansson,"Furugränd 980, 24320 Landskrona",08-841 938 75,720829-9201
Susanne Lindberg,"Skoltorget 891, 49736 Sundsvall",084-18 49 49,871211-8242
Olivia Johansson,"Trädgårdstorget 322, 83229 Lidingö",0099-203 63,440416-6722
Victoria Åström,"Strandgränd 83, 30362 Skövde",055-084 37 38,631203-4116
Elsa Björklund,"Järnvägsgatan 3, 61913 Eskilstuna",0952-28 85 46,580426-9727
Ann Hassan,"Björktorget 79, 19749 Växjö",+46 (0)22 72 05 89,620425-9557
Margareta Lindberg,"Åkerstigen 100, 17493 Motala",+46 (0)16 42 64 43,541122-7829
Marianne Persson,"Kyrkostigen 140, 81564 Kalmar",08-655 907 31,560311-3571
Lisa Bergqvist,"Ringvägen 27, 31553 Piteå",08-048 231 56,741220-8048
Monika Andersson-Ericsson,"Kvarnvägen 63, 74488 Ängelholm",+46 (0)58 56 43 70,440214-0406
Ulrika Johansson,"Villagatan 04, 46534 Södertälje",005-267 45 48,510226-2606
Britt Sjödin-Lundin,"Trädgårdsgränd 3, 32119 Eskilstuna",033-574 74 14,381003-3823
Elisabet Henriksson,"Granvägen 981, 95640 Göteborg",08-476 61 49,630118-5713
Maria Pettersson,"Kvarnvägen 49, 25753 Skövde",061-67 40 79,920701-6669
Karin Forsman,"Parkgatan 49, 90234 Karlskoga",+46 (0)597 870 10,710226-5480
Ingrid Johansson,"Industrivägen 33, 43261 Örnsköldsvik",08-863 31 94,850430-9793
Sylvia Rosén,"Nytorget 33, 23457 Jönköping",+46 (0)8 104 771 34,770714-4973
Margareta Modig,"Trädgårdsgatan 376, 87168 Landskrona",08-87 98 93,560222-0732
Linnea Fredriksson-Engdahl,"Parkgatan 4, 69158 Falun",+46 (0)576 687 70,840223-0422
Madelene Olsson,"Industritorget 052, 31123 Södertälje",0995-033 94,781004-9135
Berit Hjelm,"Järnvägsgränd 4, 60965 Karlskrona",08-680 286 65,480820-8468
Agnes Lindström,"Björkvägen 34, 16164 Alingsås",+46 (0)01 47 40 94,451004-0902
Ines Karlström,"Skogstorget 098, 48096 Halmstad",039-549 89 97,390305-5873
Maria Jakobsson,"Gengränd 8, 27734 Mölndal",+46 (0)92 46 02 68,570925-4246
Linnéa Gunnarsson,"Björkstigen 68, 29238 Alingsås",089-515 07 95,750520-8988
Astrid Lindell,"Grangränd 89, 25821 Uppsala",+46 (0)8 025 260 80,660323-2783
Elise Norberg,"Skolgränd 353, 31886 Sandviken",033-275 29 71,880717-6352
Katarina Larsson Olsson,"Nygatan 32, 74303 Gävle",0136-808 93,610228-6587
Laila Svensson,"Gengatan 18, 29025 Halmstad",0884-56 46 92,680516-0394
Anna Bengtsson,"Ektorget 53, 32770 Nyköping",041-900 53 04,440902-7432
Emma Olofsson,"Skolvägen 352, 98417 Örebro",08-95 30 74,720503-4221
Camilla Hedström-Persson,"Åkertorget 80, 68590 Alingsås",08-753 10 25,591018-3481
Marta Green,"Ekgränd 1, 91247 Jönköping",+46 (0)8 716 698 22,040102-2975
Britt Olsson,"Stationstorget 132, 44100 Kristianstad",08-72 83 71,760822-3298
Birgitta Lindberg,"Storgränd 58, 45492 Helsingborg",+46 (0)81 74 37 56,851103-4939
Sofia Söderström,"Industrigatan 054, 85035 Nyköping",0552-242 99,580817-5383
Jessica Edberg Kvist,"Skolvägen 41, 80285 Linköping",08-09 14 18,480114-5063
Lena Östlund Olsson,"Kyrkogränd 9, 52921 Karlskrona",0763-66 52 10,980627-8330
Astrid Fransson Olausson,"Stationsgränd 8, 56559 Landskrona",071-368 99 69,530719-5718
Isabella Bergström,"Grangatan 7, 26170 Borlänge",08-491 091 11,871027-0995
Margareta Nilsson,"Strandstigen 3, 51370 Umeå",0295-205 34,850913-5904
Maria Jansson,"Ekvägen 5, 61762 Umeå",017-40 78 90,731008-6017
Susanne Karlsson,"Backgatan 320, 36888 Sandviken",+46 (0)8 024 753 56,531117-5854
Annelie Petersson,"Industrigatan 7, 26073 Trelleborg",08-332 352 49,690102-2837
Paulina Ahlström,"Kyrkogatan 3, 97371 Norrköping",0788-92 35 57,380323-6516
Ellinor Friberg-Berglund,"Industristigen 4, 32859 Gävle",094-11 31 28,980604-7990
Julie Ottosson,"Bäckstigen 35, 94898 Växjö",026-940 89 43,830603-5943
Monica Pettersson,"Skogstorget 27, 77156 Lidköping",0636-932 88,961124-1606
Maria Gustafsson,"Industrigatan 9, 86852 Landskrona",08-994 22 66,981116-2669
Margareta Ohlsson,"Nygränd 5, 27164 Trelleborg",08-13 65 15,590109-1248
Ann Gustavsson,"Genvägen 94, 59135 Gävle",+46 (0)59 10 20 04,650925-0962
Harriet Gustafsson,"Ringgatan 30, 99798 Falun",08-76 54 99,741021-5953
Christina Söderberg Lundin,"Kvarnvägen 62, 33291 Borås",+46 (0)304 129 10,550113-7516
Ann-Mari Ibrahim,"Aspgatan 61, 60953 Luleå",035-750 89 31,530918-1211
Eva Blomqvist,"Skolstigen 355, 80656 Göteborg",08-928 936 59,621008-1649
Eva Eriksson-Jonsson,"Granstigen 24, 52786 Jönköping",050-60 19 78,730620-1356
Hanna Eriksson,"Furustigen 4, 66085 Linköping",0579-78 45 45,960302-3178
Birgitta Eriksson,"Idrottsgränd 95, 40637 Umeå",+46 (0)63 89 97 07,380202-3196
Jenny Mattsson-Lindström,"Nytorget 373, 96961 Landskrona",+46 (0)8 979 906 99,721108-5993
Anna Lindqvist,"Furuvägen 6, 79711 Umeå",+46 (0)962 760 64,960415-0962
Maud Olsson,"Åkergatan 236, 27076 Falun",+46 (0)029 860 15,960604-5384
Berit Gustafsson,"Nygränd 082, 71226 Umeå",08-96 69 33,960109-0682
Tindra Jensen Johansson,"Trädgårdstorget 01, 32558 Halmstad",08-740 55 67,590605-8127
Ida Norén Larsson,"Nystigen 106, 20748 Karlskoga",+46 (0)11 59 26 88,060725-4562
Linnéa Persson Ekelund,"Furugatan 872, 92433 Alingsås",0970-65 98 49,650722-9190
Ellen Löfgren,"Stationsvägen 663, 79660 Karlskoga",054-972 63 50,891228-1949
Anja Granlund,"Backtorget 4, 76184 Lidköping",0498-825 91,980410-2961
Helene Hall Jansson,"Parkgatan 3, 28423 Uppsala",+46 (0)8 006 523 78,850825-9796
Linnea Svensson,"Grantorget 4, 44480 Uddevalla",+46 (0)8 678 618 66,571206-2362
Margaretha Ekholm,"Parkgatan 9, 99297 Ängelholm",041-19 29 41,360810-6724
Selma Johansen,"Idrottsgatan 7, 82938 Borås",+46 (0)611 401 31,351209-0758
Vera Larsson,"Kvarnstigen 349, 72747 Örnsköldsvik",+46 (0)81 64 44 10,001222-5074
Tilde Åkerlund,"Kyrkostigen 35, 83291 Borlänge",08-639 868 11,850504-6402
Vendela Andersson-Ericson,"Skolstigen 39, 55432 Sandviken",025-15 16 63,950406-8751
Ann-Christine Sandberg,"Industristigen 01, 76116 Skövde",0263-52 18 40,941216-9394
Iréne Nordström,"Björkgränd 480, 95176 Stockholm",+46 (0)055 477 24,820612-6826
Elisabet Olsson,"Fabriksgränd 869, 16516 Kristianstad",0764-27 99 04,630903-2362
Madeleine Eriksson,"Kvarnvägen 813, 99371 Örnsköldsvik",+46 (0)179 655 13,781020-8921
Helena Ali,"Industristigen 3, 53144 Örebro",08-51 66 82,481105-9429
Gerd Engström,"Industrigatan 35, 82147 Skellefteå",+46 (0)8 275 218 05,930909-4788
Caroline Augustsson-Lundström,"Fabrikstorget 1, 65597 Varberg",+46 (0)843 698 27,680614-2714
Bianca Lindblom Lundholm,"Kvarngränd 69, 13262 Varberg",+46 (0)96 93 59 93,500206-8012
Maria Ibrahim-Andersson,"Parkvägen 16, 83828 Borås",+46 (0)39 54 28 14,050423-5748
Eva Mattsson,"Storvägen 06, 91163 Karlskrona",08-061 740 25,521109-8503
Karin Lindström,"Strandgränd 0, 61776 Lund",0421-650 40,650310-2326
Margareta Lind Johansson,"Industrigatan 190, 52508 Eskilstuna",+46 (0)8 323 518 55,050518-7609
Ingegärd Jafari,"Åkergränd 980, 67398 Göteborg",08-67 99 90,930313-2816
Åsa Liljegren,"Åkervägen 34, 86297 Stockholm",0043-05 50 92,590628-0481
Eva Winberg,"Backvägen 538, 16046 Karlskrona",+46 (0)8 398 677 80,001124-8465
Elise Lind,"Skogsgatan 336, 57008 Malmö",+46 (0)8 054 763 20,060209-9418
Camilla Andersson-Jönsson,"Kvarnvägen 191, 75981 Västerås",0888-04 25 88,380112-2023
Margareta Jonsson,"Trädgårdsgränd 5, 59274 Linköping",+46 (0)8 819 895 90,650727-1655
Elisabeth Andersson Ahmed,"Aspgatan 6, 92117 Malmö",0076-73 68 15,901021-7504
Pia Jakobsson,"Parkgränd 62, 55647 Linköping",0676-991 45,440206-7419
Anna Jonsson,"Idrottsvägen 1, 43373 Gävle",020-31 11 03,990901-3741
Marie Hedström-Nielsen,"Idrottsvägen 157, 14230 Alingsås",+46 (0)8 108 497 99,841027-4875
Amanda Svensson,"Ringvägen 35, 19412 Alingsås",+46 (0)8 854 934 81,051122-1905
Viola Andersson,"Bäcktorget 85, 40458 Borlänge",0585-180 97,050505-9402
Karin Bolin,"Järnvägsstigen 1, 15363 Skövde",+46 (0)61 55 99 32,860718-1511
Alice Magnusson,"Kyrkostigen 94, 32426 Växjö",0563-84 33 77,971214-0574
Jessica Ingvarsson-Svensson,"Kyrkovägen 150, 24062 Västerås",08-55 78 33,900502-3974
Johanna Karlsson,"Järnvägsgränd 581, 20747 Göteborg",08-99 51 91,391120-5965
Elsa Henriksson,"Gentorget 6, 91203 Örebro",090-716 70 26,750410-5359
Melina Westerberg,"Villagatan 753, 19112 Skellefteå",+46 (0)015 506 27,810830-5791
Alice Nord,"Storvägen 30, 40234 Norrköping",08-781 207 28,370512-6294
Charlotte Pettersson,"Åkervägen 88, 61772 Uppsala",08-22 21 94,450406-4793
Sofia Ahmed,"Bäcktorget 09, 73599 Göteborg",048-150 77 49,600428-5208
Elsa Jonasson,"Björkvägen 389, 94834 Västerås",0282-552 66,641211-2184
Maria Lundqvist,"Skolgatan 823, 72093 Skellefteå",057-78 57 38,991102-1559
Victoria Jacobsson,"Strandgatan 5, 70551 Karlstad",050-038 29 95,470505-6606
Irene Olsson,"Bäckgatan 9, 13325 Malmö",+46 (0)31 22 84 60,030826-0629
Carolina Jonsson,"Parkgatan 63, 17865 Malmö",+46 (0)488 943 65,971224-8153
Maja Bergman,"Parkgränd 3, 86200 Södertälje",+46 (0)97 96 59 12,630829-2041
Cecilia Nilsson,"Järnvägsgränd 539, 96680 Stockholm",0805-703 95,401109-3913
Jessica Håkansson,"Strandgatan 668, 53682 Falun",+46 (0)062 199 93,740521-7188
Christina Svensson,"Nystigen 7, 97922 Landskrona",045-885 96 11,030123-7368
Anne Bergsten-Hansson,"Kyrkgatan 23, 57072 Borlänge",048-519 32 23,011221-6668
Laura Blomberg,"Industritorget 2, 63022 Skellefteå",+46 (0)83 10 38 46,370621-5740
Signe Lundgren,"Bäckvägen 50, 83380 Falun",069-83 48 97,640828-1761
Inez Petersson Johansson,"Ekgatan 5, 45749 Östersund",078-828 13 62,970923-3457
Maria Hellberg,"Bäckgränd 0, 55104 Luleå",08-247 535 85,640809-0972
Johanna Johansson,"Ekvägen 47, 78604 Landskrona",004-70 98 98,700912-3162
Sofia Viklund,"Villastigen 8, 49854 Kristianstad",08-322 60 00,760927-9935
Meja Sjöberg,"Skolgatan 204, 44374 Skellefteå",087-811 61 65,681019-3356
Edith Henriksson,"Skoltorget 456, 15046 Lidingö",+46 (0)8 002 730 78,910303-8197
Annie Jönsson,"Nystigen 6, 69137 Lidingö",08-108 94 09,660611-5696
Anita Haraldsson,"Granstigen 567, 93764 Norrköping",08-191 677 09,360726-8475
Matilda Wang,"Kyrkostigen 44, 63844 Borlänge",08-916 07 31,711216-1208
Hannele Svanberg,"Storstigen 8, 74946 Trollhättan",079-339 46 92,981029-2228
Charlotte Persson,"Skogsgatan 82, 13285 Uppsala",+46 (0)38 93 06 61,780131-2534
Vivianne Karlsson,"Skolstigen 101, 62861 Varberg",+46 (0)8 062 219 96,640530-4145
Kristina Persson,"Kvarngränd 4, 95179 Borlänge",0842-59 89 00,710212-9421
Eva Berggren,"Villastigen 05, 69658 Kristianstad",08-490 43 92,990314-4005
Eva Olsson,"Parkgatan 0, 18761 Trollhättan",+46 (0)932 927 29,930909-0083
Catharina Axelsson,"Parkgatan 34, 70607 Skövde",+46 (0)26 01 46 44,670927-6692
Ulla Engström,"Villagatan 65, 62227 Helsingborg",+46 (0)8 692 644 16,711027-4136
Klara Svensson,"Gengatan 55, 25120 Örnsköldsvik",08-28 57 54,360211-4864
Marie Nilsson,"Åkergatan 3, 81731 Nyköping",034-02 46 21,760501-9566
Kristina Nyberg Carlsson,"Järnvägstorget 9, 88483 Luleå",0874-98 12 14,660121-5905
Gertrud Ek Axelsson,"Järnvägsvägen 44, 64781 Luleå",08-86 82 32,750228-2010
Maria Persson,"Gengränd 26, 34674 Trollhättan",094-441 66 25,881102-6601
Ingrid Edin,"Backgatan 0, 59629 Varberg",08-95 41 80,410509-5394
Sigrid Eriksson,"Ekvägen 30, 94324 Eskilstuna",+46 (0)193 242 25,800113-8802
Linnea Ekström,"Björkvägen 0, 17381 Helsingborg",08-161 858 64,670624-2580
Moa Jansson,"Kyrkostigen 4, 44670 Linköping",086-06 15 88,790125-4735
Gudrun Eriksson-Berglund,"Trädgårdsstigen 5, 47920 Norrköping",+46 (0)169 711 12,890126-4294
Majken Jacobsson,"Furugatan 99, 84313 Lidköping",0824-15 76 79,820814-2730
Hanna Eklund,"Villavägen 15, 25767 Nyköping",+46 (0)8 246 275 37,460425-2116
Margaret Södergren,"Industrigränd 66, 42152 Motala",+46 (0)844 128 47,721001-1362
Margareta Gustafsson,"Fabrikstorget 83, 60199 Stockholm",+46 (0)8 544 597 22,861002-8584
Margareta Carlsson Hansson,"Storstigen 2, 52616 Sundsvall",+46 (0)944 243 63,801224-6826
Therese Gustavsson,"Backtorget 87, 43093 Luleå",+46 (0)108 391 90,930420-7039
Helen Edlund Berg,"Björkgränd 671, 90494 Luleå",+46 (0)97 87 81 12,820908-1754
Anna Nilsson-Backman,"Parkgatan 8, 88982 Lidköping",+46 (0)8 077 722 19,740130-9294
Josefina Wikström,"Kyrkvägen 917, 56070 Falun",+46 (0)217 941 82,370430-1245
Inger Wallin,"Aspgränd 053, 76649 Alingsås",+46 (0)57 14 21 20,990828-0408
Annie Hägglund,"Nyvägen 450, 65663 Skövde",0283-37 45 67,680226-2789
Sofie Larsson Andersson,"Aspgränd 69, 53305 Östersund",084-781 82 27,880515-5291
Helene Hedström,"Aspvägen 629, 83358 Skövde",08-941 62 12,571108-1736
Sabina Strand Olsson,"Kyrkvägen 95, 30719 Trollhättan",0746-94 55 93,060421-6929
Lena Nyman-Jonsson,"Skolgatan 97, 74168 Piteå",087-69 38 07,860413-2715
Lisbet Jansson,"Parkstigen 67, 85570 Luleå",+46 (0)051 622 52,550221-0403
Anette Jansson,"Trädgårdsstigen 5, 51326 Skövde",08-774 418 39,490201-1644
Ida Eriksson,"Skolgatan 4, 28300 Stockholm",0455-13 76 11,451019-9856
Elsa Berglund,"Kyrkstigen 79, 90094 Kristianstad",+46 (0)12 84 22 58,900917-3072
Berit Björkman,"Parkgatan 044, 14967 Uddevalla",08-974 268 43,950429-5172
Gun Niklasson,"Gentorget 9, 65306 Malmö",0361-58 91 93,710405-8669
Jenny Eriksson,"Björktorget 3, 27791 Örebro",021-993 72 56,411202-7844
Annie Fransson,"Strandgränd 31, 65785 Malmö",023-330 65 94,921225-4370
Emelie Backlund,"Skolstigen 639, 96377 Karlskoga",08-466 09 29,500101-4595
Mila Halvarsson,"Strandgatan 483, 49268 Linköping",029-303 79 30,610526-1124
Cecilia Johansson,"Kyrkostigen 2, 78637 Karlstad",08-926 40 06,550705-4368
Victoria Davidsson,"Genstigen 90, 10068 Ängelholm",08-25 00 75,440311-2644
Karin Andersson,"Skolgatan 657, 87881 Södertälje",+46 (0)11 81 21 32,390908-3481
Jennie Malmberg,"Ekvägen 581, 18769 Trollhättan",0379-542 29,351122-2345
Maj-Britt Löfgren Norén,"Industrivägen 3, 53831 Norrköping",+46 (0)8 549 597 32,570430-7023
Selma Ali-Fredriksson,"Skolgatan 256, 53658 Trelleborg",010-22 04 94,491020-7085
Gunilla Eriksson,"Granvägen 735, 53575 Piteå",+46 (0)782 082 10,590515-7490
Karin Johansson,"Industrigatan 9, 25727 Karlskoga",+46 (0)216 174 40,521204-1494
Maria Omar Nilsson,"Skogsgränd 96, 86641 Trelleborg",099-786 25 23,740504-1679
Ingrid Andersson,"Storvägen 096, 95614 Varberg",08-879 330 63,540906-8664
Therese Öberg,"Skogsvägen 81, 17113 Luleå",08-756 02 52,790626-1164
Linn Andersson,"Järnvägsvägen 738, 52604 Falun",08-29 92 93,920825-3444
Susanna Lindberg,"Åkerstigen 11, 46589 Umeå",002-663 74 97,971129-8167
Julia Werner,"Grantorget 45, 53420 Västerås",08-211 83 16,970622-9151
Nathalie Emanuelsson,"Strandstigen 04, 29872 Örebro",0777-331 05,450814-7529
Lisa Andersson,"Järnvägstorget 8, 11777 Östersund",+46 (0)98 52 32 11,570303-8983
Inger Kristoffersson,"Backvägen 49, 38683 Eskilstuna",020-500 78 61,970611-0088
Filippa Liljegren,"Bäckvägen 2, 62046 Umeå",+46 (0)214 521 58,980125-3346
Josefine Sandström Olsson,"Skolgränd 92, 33309 Kalmar",073-546 35 96,921120-3188
Birgitta Eliasson,"Bäckvägen 098, 65770 Sandviken",019-22 97 31,880427-9779
Linnea Johansson,"Parktorget 92, 67676 Sandviken",066-14 94 48,060113-7854
Magdalena Broman-Sjöström,"Skolvägen 9, 21814 Uppsala",08-16 82 45,380518-6412
Elise Eriksson,"Stationsgatan 609, 33139 Nyköping",08-30 54 51,790403-8986
Isabell Ahmadi,"Fabriksgatan 20, 12589 Karlskrona",0841-67 34 90,060102-5166
Hanna Berglund,"Parkvägen 0, 53237 Luleå",08-430 58 26,990703-1620
Nathalie Brännström-Larsson,"Genvägen 081, 36960 Eskilstuna",08-347 31 98,970408-6090
Gudrun Ahmed-Ahlström,"Fabrikstorget 243, 54045 Luleå",082-478 01 63,531216-1515
Evelina Börjesson,"Trädgårdsstigen 976, 79079 Sundsvall",0942-713 64,520626-3864
Olivia Lindblad-Karlsson,"Backtorget 4, 26755 Lidingö",095-849 65 36,440810-3366
Maja Nilsson,"Industrivägen 500, 55876 Norrköping",+46 (0)8 838 168 29,700501-1981
Kerstin Larsson,"Åkervägen 475, 38210 Växjö",099-41 71 55,520425-7512
Linnéa Nordlund,"Backgatan 121, 51252 Sundsvall",08-103 54 70,531223-6358
Monica Brännström,"Idrottsvägen 27, 14158 Sundsvall",+46 (0)368 503 60,911213-6602
My Jonsson Persson,"Granstigen 2, 53248 Örnsköldsvik",08-04 98 42,690921-9823
Anna Göransson,"Nygatan 80, 33645 Luleå",010-536 08 33,680824-6117
Irene Holmström,"Villavägen 99, 58085 Södertälje",08-906 71 49,980217-7437
Michelle Söderström Skoglund,"Nygränd 17, 58160 Falun",044-608 76 26,620701-4371
Kerstin Jonsson Eriksson,"Idrottsstigen 8, 73465 Mölndal",+46 (0)314 601 78,620411-4224
Anneli Landström,"Stationsstigen 5, 16501 Uppsala",08-09 47 79,770403-5174
Anna Karlsson,"Gengatan 385, 59223 Östersund",08-07 82 87,050912-9367
Elisabet Nordin,"Kvarnvägen 36, 20523 Karlskrona",08-703 23 30,560712-8013
Ellinor Nilsson,"Kyrkvägen 40, 48517 Borås",064-093 86 80,950322-4348
Aurora Lidén,"Industrigränd 739, 78427 Ängelholm",08-143 48 85,470803-0228
Agneta Sjöström,"Skogsstigen 320, 77396 Uppsala",08-10 33 15,421107-8235
Bianca Söderström,"Aspvägen 19, 22475 Falun",+46 (0)8 070 957 20,710308-8840
Birgitta Sandberg,"Parkvägen 17, 15688 Borlänge",038-233 06 49,921123-4415
Alice Engström,"Gentorget 40, 81491 Västerås",010-48 00 67,621218-9465
Rut Nilsson,"Åkerstigen 72, 87168 Linköping",08-96 13 94,061202-3424
Sofia Ström,"Stationsvägen 3, 89406 Västerås",08-727 88 05,460807-7857
Sara Lindström,"Ekstigen 3, 85266 Uppsala",08-197 80 70,720904-0596
Matilda Svensson,"Björkvägen 138, 42640 Luleå",08-744 823 51,030511-6303
Ines Berntsson,"Ringgatan 688, 74674 Lidingö",0435-55 86 88,640815-5569
Pernilla Larsson Jansson,"Parktorget 2, 65920 Gävle",08-360 05 96,910321-0796
Maria Hansson,"Backvägen 184, 20715 Örebro",+46 (0)62 43 16 67,461126-7594
Anna Åberg,"Skogsvägen 80, 48456 Trollhättan",08-479 956 31,760114-0374
Pia Karlsson,"Fabriksgränd 97, 79486 Uddevalla",+46 (0)36 86 09 52,380310-0910
Astrid Granström,"Grantorget 97, 98041 Borlänge",030-25 04 29,000314-7410
Åsa Samuelsson,"Stationsgatan 855, 32693 Mölndal",08-75 60 61,690716-0946
Agneta Berglund,"Parkstigen 1, 69956 Trelleborg",+46 (0)15 89 34 93,831021-0300
Rita Vikström,"Parktorget 019, 54301 Linköping",+46 (0)51 24 53 27,460829-8503
Hanna Kjellberg,"Skolgatan 519, 81538 Lidingö",08-575 37 04,780816-3187
Olivia Svensson,"Skolgatan 753, 33346 Uppsala",08-352 744 54,370130-6767
Rebecca Nyström,"Backtorget 8, 62526 Malmö",+46 (0)382 170 34,550831-1700
Inger Magnusson,"Björkgatan 3, 88838 Örebro",+46 (0)8 645 376 85,610425-7636
Susanne Wiberg,"Grantorget 6, 39544 Trelleborg",0178-42 84 23,550731-1461
Elisabeth Elofsson,"Parkgatan 99, 23197 Landskrona",0967-46 78 30,650927-0093
Ingrid Forsman,"Grangatan 085, 66766 Lund",002-600 38 74,010821-2200
Agneta Johansson,"Backgränd 2, 15820 Varberg",+46 (0)82 28 90 37,781214-7663
Charlotte Olander,"Fabriksvägen 75, 51488 Gävle",+46 (0)18 72 50 53,410929-0959
Amelie Karlberg,"Villagränd 81, 97300 Halmstad",024-691 32 58,790212-5132
Ulrika Andersson,"Villagränd 8, 35940 Malmö",0898-152 38,530507-1002
Hedvig Holm,"Parkvägen 9, 51190 Kristianstad",+46 (0)8 260 584 14,521111-0225
Wilhelmina Skoglund,"Industristigen 29, 56865 Lidingö",08-437 21 21,810606-4010
Carina Berglund-Andersson,"Backvägen 68, 86490 Gävle",+46 (0)387 120 17,940117-7861
Mohamed Gunnarsson Dahlström,"Skogsgatan 886, 62079 Kalmar",08-43 99 74,381020-9027
Gunilla Johansson,"Backvägen 6, 31577 Karlskoga",+46 (0)223 271 85,410527-0252
Lilian Hagberg,"Industrigatan 95, 46334 Skellefteå",0511-95 41 19,631221-0229
Sofie Ibrahim,"Ängsvägen 03, 14010 Gävle",061-608 60 88,400118-5901
Mona Lundgren,"Kyrkvägen 084, 49722 Göteborg",+46 (0)396 101 64,391117-9285
Tuulikki Blomqvist,"Kvarnvägen 654, 94181 Borås",+46 (0)918 939 10,981215-7254
Maria Lund,"Idrottsgatan 29, 95515 Eskilstuna",011-396 09 07,960709-2138
Isabelle Hjelm-Larsson,"Åkervägen 971, 90160 Sundsvall",+46 (0)20 79 17 12,480306-8115
Camilla Johansson,"Åkertorget 069, 39757 Motala",0861-196 16,940125-0585
Hanna Hassan,"Villavägen 3, 86247 Kristianstad",037-883 90 90,410710-9094
Lova Sundberg-Olsson,"Storstigen 811, 77717 Kristianstad",096-473 28 15,970509-1354
Anna Rosenberg,"Ekgatan 995, 22276 Östersund",024-65 61 12,460430-5393
Ida Haraldsson,"Nygränd 66, 29051 Östersund",+46 (0)507 376 03,050129-1702
Mary Persson,"Järnvägsstigen 4, 45736 Östersund",08-921 70 79,650907-0865
Stina Jansson,"Björkgatan 6, 17233 Mölndal",0829-327 34,970320-1955
Mari Granath Åkesson,"Ringvägen 046, 63456 Karlstad",08-764 060 43,390120-3251
Karin Nilsson,"Stationsstigen 7, 38873 Östersund",+46 (0)975 970 92,870510-7632
Kerstin Andersson,"Kyrkgatan 214, 41710 Landskrona",018-68 77 32,890713-4053
Maria Eklund,"Strandgatan 860, 99872 Mölndal",062-56 88 13,410316-8359
Amanda Lundgren,"Parktorget 58, 26034 Mölndal",08-115 654 00,540225-7553
Maria Berg,"Skolvägen 78, 53191 Landskrona",+46 (0)50 76 54 96,020819-5933
Joanna Åkerlund,"Backstigen 81, 88068 Karlskoga",+46 (0)64 52 15 10,000112-4718
Margareta Eriksson,"Parkgatan 083, 83788 Göteborg",091-978 15 65,860806-5499
Anna Andersson,"Ringstigen 91, 55006 Varberg",08-11 67 41,551226-2535
Laila Fransson Hedlund,"Åkertorget 022, 19742 Lidköping",067-40 00 26,960812-8352
Agnes Karlsson,"Stationstorget 867, 86539 Skövde",031-61 94 36,491206-5150
Elsa Svensson,"Björkgränd 34, 11776 Umeå",08-80 24 81,920430-0215
Kristina Åström,"Ängsgränd 76, 38179 Uddevalla",0684-865 67,590612-4861
Gunnel Pettersson,"Trädgårdsgatan 84, 30993 Malmö",0400-369 09,680414-8994
Agneta Ekman,"Trädgårdsvägen 630, 98581 Karlskrona",+46 (0)8 779 494 77,850328-3593
Cecilia Ottosson Lindblom,"Fabrikstorget 009, 16221 Trollhättan",062-619 00 20,680912-5039
Ester Ekelund,"Åkergatan 231, 83376 Norrköping",08-83 48 04,380518-3252
Sabina Johansson-Omar,"Grangatan 745, 55460 Piteå",+46 (0)8 512 551 71,000615-6756
Erika Wiberg Nilsson,"Stortorget 8, 83044 Östersund",019-396 62 36,690811-8372
Edit Ahlström-Samuelsson,"Skolvägen 425, 75756 Växjö",08-190 01 56,040605-9147
Olga Carlsson,"Björkstigen 020, 55468 Växjö",+46 (0)8 520 541 61,970114-2821
Madeleine Larsson Lundström,"Trädgårdsstigen 574, 45955 Malmö",08-44 41 50,950821-8626
Ellen Nilsson,"Parkvägen 543, 51729 Falun",041-80 39 83,000807-9626
Maj-Britt Hagberg-Bergström,"Kvarngatan 389, 47183 Sandviken",08-696 529 01,411210-1656
Eva Pettersson-Karlberg,"Skolgränd 627, 58873 Falun",+46 (0)8 222 412 39,511005-5604
Louise Blomqvist,"Furuvägen 38, 87020 Motala",0749-82 98 86,030603-7102
Stina Larsson Andersson,"Bäckgränd 61, 45259 Nyköping",068-89 02 55,980203-2699
Kristina Ekman Gustafsson,"Skogsvägen 668, 13429 Skellefteå",0973-690 10,661104-6993
Kristina Brandt,"Industrigatan 1, 34708 Falun",0940-48 36 42,890522-1597
Joanna Torstensson-Svensson,"Bäckgränd 425, 11910 Karlskoga",08-900 23 32,761115-2401
Lilian Andersson,"Åkervägen 4, 44158 Landskrona",+46 (0)8 389 914 23,930408-3224
Karin Persson,"Furutorget 513, 94184 Trelleborg",060-774 82 26,490201-7484
Eivor Svensson,"Kvarngränd 3, 96302 Örebro",+46 (0)8 118 446 69,700606-8501
Julia Karlsson,"Grangatan 75, 60901 Sundsvall",08-288 12 87,020207-5792
Victoria Ek,"Skolstigen 67, 98473 Halmstad",0613-38 82 38,430330-6577
Maria Eriksson,"Villavägen 913, 50242 Motala",08-585 92 83,410918-5795
Eva Jonsson-Berg,"Åkervägen 73, 17660 Halmstad",+46 (0)8 704 133 66,750529-8526
Anna Wahlström Lundin,"Bäcktorget 44, 72114 Örnsköldsvik",0242-554 32,630412-3000
Tindra Jonsson,"Nyvägen 75, 11633 Linköping",08-45 75 06,031129-0464
Sandra Sjöberg,"Skolgatan 929, 43096 Malmö",057-240 86 25,560511-1326
Zahra Flink,"Björkgatan 56, 65143 Piteå",+46 (0)188 613 59,801116-3071
Helen Johansson,"Industrigränd 1, 28362 Lund",+46 (0)8 272 767 13,980130-3422
Alice Lundgren,"Ringvägen 76, 26134 Landskrona",08-287 19 26,980122-7878
Birgitta Ståhl-Hultgren,"Fabriksvägen 6, 72388 Sundsvall",086-831 04 12,610329-4028
Margareta Lund,"Nygatan 6, 62937 Landskrona",08-93 24 07,540220-9521
Tova Gustafsson Bengtsson,"Nyvägen 622, 39305 Kristianstad",08-94 70 71,901208-9356
Ann Nilsson,"Idrottsvägen 8, 63552 Sundsvall",0617-77 72 10,901104-3719
Agnes Åberg,"Åkerstigen 22, 50789 Skellefteå",08-402 255 92,841210-2173
Lilian Axelsson,"Storvägen 0, 73994 Luleå",+46 (0)8 840 114 20,030417-5920
Kristina Hansen,"Aspstigen 13, 51357 Sundsvall",+46 (0)685 572 10,840921-6200
Anna Dahlin Ågren,"Furugränd 88, 90312 Ängelholm",099-73 87 24,810113-7506
Ingrid Bäckström Persson,"Järnvägsstigen 49, 74337 Lidköping",08-80 66 76,521117-6978
Ulla Hellman,"Ekstigen 60, 15004 Malmö",+46 (0)8 244 964 17,891106-8834
Maria Axelsson,"Nytorget 91, 88709 Lidköping",08-78 19 07,891101-6767
Linnéa Eriksson-Byström,"Skolstigen 45, 97546 Borås",+46 (0)862 415 63,441112-0035
Birgitta Nilsson,"Idrottsvägen 51, 52369 Borås",0106-820 13,640113-3456
Louise Wall,"Parkgatan 961, 17045 Karlstad",052-757 52 90,990215-7727
Carina Pettersson Nylander,"Trädgårdsvägen 31, 88094 Alingsås",+46 (0)313 235 62,680723-0690
Maria Frank,"Åkergränd 4, 90224 Kristianstad",043-46 29 04,430815-3222
Astrid Backlund,"Kyrkvägen 880, 57118 Lund",+46 (0)188 411 12,981103-6731
Sara Svensson,"Bäckvägen 7, 36384 Linköping",0531-396 71,860309-0559
Christina Olofsson,"Fabriksvägen 0, 32908 Örebro",+46 (0)879 182 36,900316-6783
Cristina Persson,"Grantorget 4, 47164 Skövde",081-92 63 75,620626-8408
Margareta Olsson,"Storgränd 355, 35602 Lund",0270-57 49 29,671203-2561
Gun Jansson,"Ringgatan 9, 57499 Sandviken",+46 (0)06 48 89 26,431218-4601
Linnéa Ottosson,"Granstigen 1, 94751 Borås",066-158 11 23,951215-6036
Ylva Nilsson,"Stationstorget 1, 10349 Trollhättan",08-26 85 10,930323-2665
Tindra Karlsson Åkesson,"Parkstigen 76, 10347 Skövde",08-095 88 67,450531-4726
Gunilla Olofsson,"Kvarngränd 697, 46408 Karlskoga",+46 (0)8 870 930 32,050501-4027
Anna Lindström Sandgren,"Industrigatan 0, 33881 Malmö",+46 (0)16 11 22 15,521207-7944
Tina Larsson,"Genstigen 97, 72115 Lidingö",08-45 06 42,050608-5364
Iris Nilsson,"Bäckgatan 1, 75985 Varberg",+46 (0)727 655 48,490129-6196
Ann-Marie Sandberg,"Fabriksstigen 316, 76177 Karlstad",08-412 63 54,750324-2856
Caroline Nordström Andreasson,"Ringstigen 6, 20479 Trelleborg",08-52 80 73,540522-6134
Caroline Karlsson-Hellberg,"Nygatan 91, 83897 Landskrona",0458-20 73 86,460425-7487
Alexandra Olsson,"Bäckvägen 3, 43869 Helsingborg",08-976 475 21,950407-8487
Ingrid Bergvall,"Furugatan 8, 48627 Karlstad",+46 (0)24 26 03 58,910519-4634
Anita Johansson,"Industristigen 03, 40614 Göteborg",0998-74 24 80,960825-5072
Charlotte Engström,"Bäckgatan 8, 85966 Halmstad",08-338 060 59,910827-2437
Gunvor Magnusson Öberg,"Backgatan 8, 81672 Karlskoga",08-149 618 54,841022-4763
Ulla Melin,"Aspvägen 0, 37416 Trollhättan",0452-508 15,760413-8730
Dagny Svensson,"Bäckstigen 252, 74950 Borlänge",+46 (0)21 25 43 31,981014-7646
Ulrika Larsson,"Skolvägen 98, 40809 Borlänge",0141-431 54,681010-5228
Marie Lund,"Storgatan 42, 91882 Landskrona",08-877 130 48,711020-3960
Inger Lund,"Skolvägen 6, 71181 Alingsås",+46 (0)35 56 23 57,791118-2462
Zahra Svensson-Johansson,"Grangränd 061, 36553 Nyköping",0026-601 74,400328-6996
Karin Larsson,"Idrottsgränd 190, 83179 Karlstad",+46 (0)805 999 39,510617-0615
Harriet Berg,"Fabriksgränd 0, 95963 Uppsala",08-731 36 88,640413-8023
Ann Knutsson,"Idrottsvägen 2, 46551 Stockholm",+46 (0)73 70 13 25,710524-0449
Gerd Lindqvist,"Industristigen 50, 55373 Södertälje",+46 (0)769 187 17,031014-0330
Sofia Vallin,"Ängsgränd 82, 10637 Uppsala",+46 (0)10 75 03 83,480629-0807
Madelene Lindgren-Carlberg,"Storvägen 702, 43717 Mölndal",0423-63 67 02,530404-5650
Charlotta Andersson,"Parkstigen 109, 21904 Mölndal",08-364 444 03,880504-5534
Cecilia Holmgren,"Backstigen 4, 99766 Örnsköldsvik",+46 (0)8 637 065 60,630813-9200
Edith Isaksson,"Grantorget 74, 25203 Örebro",064-619 77 99,770314-1197
Irene Hedman,"Fabriksgatan 0, 34491 Halmstad",+46 (0)83 69 15 86,570307-0606
Ann-Sofie Berggren,"Stationsgränd 6, 29200 Linköping",08-993 676 74,990826-3057
Viola Thor Gustafsson,"Ängstorget 480, 62416 Östersund",08-171 70 84,000722-4124
Alice Axelsson,"Genvägen 5, 63184 Eskilstuna",0970-64 19 50,561012-3878
Britt Pettersson,"Furustigen 42, 85115 Karlstad",+46 (0)8 460 904 79,050719-3324
Katarina Bengtsson,"Parkgatan 58, 46109 Karlstad",08-308 85 97,460405-5261
Erika Dahlberg-Nilsson,"Skolgatan 05, 70159 Örebro",08-56 04 89,510326-2258
Olivia Malmström,"Skoltorget 549, 30393 Trelleborg",058-22 71 95,651011-9842
Eva Hansson,"Kyrkogatan 5, 78023 Göteborg",0596-839 38,700610-4371
Linnea Mattsson,"Furuvägen 8, 29484 Lund",0507-15 04 64,751014-2008
Barbro Granlund,"Stationsgatan 24, 16309 Varberg",08-17 28 74,980717-2268
Johanna Svensson,"Bäcktorget 7, 33841 Piteå",019-85 85 51,621205-8827
Sigrid Holmgren,"Skolgränd 20, 46476 Ängelholm",091-298 26 01,991126-8184
Astrid Eriksson-Svensson,"Backgatan 7, 83837 Falun",0713-730 95,500128-9916
Malin Gustafsson,"Villavägen 242, 18096 Lidingö",08-20 44 28,501213-8391
Elna Engberg,"Granstigen 1, 57983 Karlskoga",015-308 78 92,420602-4558
Irene Palm,"Järnvägsvägen 0, 82652 Södertälje",+46 (0)8 672 226 75,950329-4267
Anita Andersson,"Nyvägen 46, 92586 Landskrona",0863-236 10,701113-4041
Ann-Charlotte Johnsson,"Nyvägen 51, 36077 Halmstad",08-012 24 20,020907-9359
Ingrid Widén-Eriksson,"Furugränd 194, 39438 Luleå",078-576 54 65,930801-0736
Lisbeth Holmberg,"Åkervägen 571, 42440 Gävle",+46 (0)66 02 35 03,891116-5697
Jeanette Andersson,"Kvarnvägen 39, 21984 Varberg",049-95 49 99,680818-7006
Moa Berglund,"Skogsgatan 25, 77323 Alingsås",+46 (0)50 78 46 53,731219-6335
Therese Carlsson,"Skolgatan 312, 39137 Luleå",+46 (0)174 206 10,410517-2805
Vilma Hedström,"Trädgårdsgatan 224, 74343 Skövde",+46 (0)703 379 78,870926-1112
Åse Berg,"Kvarnvägen 59, 47476 Skellefteå",+46 (0)915 527 14,361113-4648
Sonja Sandberg,"Järnvägsvägen 33, 96497 Piteå",08-770 745 63,840407-4828
Angelica Jensen,"Storgränd 8, 23240 Borås",08-385 759 77,590323-8250
Moa Karlsson Berglund,"Backgatan 483, 15924 Stockholm",08-544 561 73,390508-4368
Marie Pettersson-Pettersson,"Villastigen 5, 82510 Trelleborg",091-739 52 93,590618-9138
Lina Fredriksson,"Villagatan 74, 84144 Jönköping",08-379 731 39,490730-0612
Viola Gren,"Skolvägen 166, 48930 Borås",+46 (0)8 340 028 65,920221-3337
Inga Jönsson,"Björkstigen 8, 68132 Piteå",08-838 114 97,961003-4705
Ahmed Gustafsson,"Stationsgatan 18, 33938 Skellefteå",022-437 72 07,990316-2809
Maria Jakobsson,"Skolvägen 339, 40330 Gävle",+46 (0)69 55 82 81,511209-5483
Kajsa Olsson,"Ängsgränd 9, 83593 Piteå",08-299 96 24,040530-8834
Inger Ahlgren,"Furuvägen 08, 33799 Skövde",+46 (0)408 272 27,070302-0982
Katarina Ali,"Trädgårdsstigen 8, 75689 Borås",0267-664 02,521030-3250
Lovisa Eriksson-Lindfors,"Skogsvägen 054, 62496 Skellefteå",08-689 577 69,030803-2572
Sara Lindström-Jakobsson,"Skoltorget 998, 78219 Lund",+46 (0)8 019 884 68,850331-3853
Leia Pettersson,"Stationsgatan 79, 61611 Borlänge",060-97 37 11,740122-1705
Christina Nyström,"Storvägen 127, 38757 Karlskrona",+46 (0)8 226 857 38,850818-8110
Caroline Sjölander,"Industritorget 68, 59779 Skellefteå",0080-904 34,941120-4879
Irma Johansson,"Villagatan 15, 74856 Östersund",08-076 117 04,011120-7973
Inger Malmqvist,"Åkervägen 70, 22349 Malmö",08-55 31 39,621117-4120
Ellinor Ahmad,"Villavägen 0, 30444 Linköping",043-88 12 54,600828-3746
Linn Hansson,"Skolvägen 19, 96151 Uddevalla",0664-695 56,570120-3019
Hannah Gustafsson Jakobsson,"Ängstorget 366, 17798 Göteborg",+46 (0)327 389 27,590912-5550
Doris Carlsson,"Genvägen 3, 64307 Lidköping",08-87 48 98,451223-3471
Nova Kjellberg,"Stationsvägen 35, 75446 Linköping",+46 (0)8 017 900 08,671225-1187
Jennie Arvidsson,"Industrigatan 0, 94230 Uppsala",08-512 994 46,631111-4174
Lina Blomkvist Helgesson,"Gengatan 77, 33143 Karlstad",08-655 659 47,741011-0774
Maria Nordin,"Stationsvägen 0, 29438 Alingsås",+46 (0)8 852 840 65,390309-7446
Susanne Sjögren,"Kyrkstigen 110, 45010 Uppsala",067-73 91 68,631020-2814
Jonna Wiklund,"Genvägen 13, 46073 Karlskrona",+46 (0)80 96 01 32,850721-4495
Alma Svensson,"Kyrktorget 948, 45932 Södertälje",+46 (0)8 662 507 63,990402-8397
Therese Johansson,"Granstigen 7, 60793 Malmö",068-24 32 44,821220-2496
Sigrid Samuelsson,"Villavägen 91, 64912 Skellefteå",08-059 34 92,390220-2948
Alice Johansson,"Skolgränd 86, 30423 Trelleborg",+46 (0)446 096 51,050329-2591
Betty Persson,"Industrigatan 5, 20812 Halmstad",0593-957 96,021116-3951
Joanna Andersson Johnson,"Granvägen 607, 49675 Lidingö",0667-12 49 39,510203-9111
Gertrud Wahlberg,"Furugatan 90, 67459 Helsingborg",08-24 02 83,931224-0071
Gerd Holst,"Kyrktorget 4, 27871 Stockholm",+46 (0)59 03 12 56,630615-2213
Ulrika Blixt,"Ekgatan 32, 29235 Lidköping",0229-016 16,750512-8194
Sonia Jakobsson,"Industritorget 02, 18923 Luleå",0467-32 92 96,351214-1205
Ingegerd Ottosson,"Kvarnstigen 03, 21996 Falun",0308-344 95,531114-5873
Christina Jansson Boman,"Nytorget 92, 27093 Eskilstuna",0852-52 70 40,760604-4704
Angelina Eriksson Larsson,"Kyrkvägen 966, 81708 Trollhättan",065-883 42 36,650728-3643
Olivia Persson,"Storstigen 58, 40650 Borås",0181-221 53,791120-5644
Nathalie Andersson,"Bäckgränd 45, 81928 Gävle",08-444 474 89,670901-4283
Maria Nyman,"Idrottsvägen 960, 81864 Landskrona",+46 (0)36 24 32 64,780805-2190
Elisabeth Larsson,"Industritorget 3, 37611 Trollhättan",+46 (0)73 86 12 10,041209-4120
Maria Nilsson,"Skolstigen 4, 47196 Umeå",+46 (0)351 357 70,460704-8594
Klara Nylander Ahmadi,"Grangatan 1, 23465 Falun",+46 (0)8 490 753 70,730624-4521
Katarina Andersson,"Skolgränd 0, 64691 Södertälje",08-945 741 89,970816-9066
Inger Malmgren Ali,"Backvägen 08, 14858 Västerås",023-724 86 20,530822-3378
Lillemor Lindfors Nyman,"Björkvägen 1, 19711 Varberg",0441-052 61,940413-2103
Liselott Eriksson,"Ringgatan 74, 75485 Stockholm",+46 (0)8 833 683 88,570719-8890
Kristin Nilsson,"Järnvägstorget 8, 75638 Karlstad",0794-340 79,490116-1465
Anette Eriksson,"Furuvägen 58, 40118 Malmö",031-916 32 86,421117-8456
Katarina Pedersen,"Industristigen 524, 87918 Alingsås",093-477 43 08,050405-2614
Selma Lilja,"Ekgatan 8, 48275 Falun",08-569 84 29,390526-2642
Agneta Ahmed,"Skoltorget 540, 31601 Alingsås",0995-70 41 98,671006-6009
Gudrun Stenberg,"Nygatan 0, 54638 Örnsköldsvik",+46 (0)816 383 93,841214-1296
Katarina Nilsson,"Nyvägen 07, 78590 Norrköping",0467-87 80 41,060925-9098
Marie Lundström,"Parkstigen 4, 79217 Växjö",+46 (0)254 411 42,880817-1568
Angelina Lindholm,"Ängsstigen 21, 35411 Västerås",0625-87 26 92,860106-4812
Kerstin Lundqvist,"Åkergatan 0, 47104 Halmstad",073-31 47 00,980111-2799
Evelina Ibrahim,"Järnvägsgränd 479, 59107 Örnsköldsvik",+46 (0)543 191 20,670116-8301
Lilly Dahl,"Gentorget 72, 53184 Göteborg",08-838 11 67,890624-2840
Maryam Karlsson,"Industrigränd 09, 76811 Jönköping",037-11 80 03,380917-9272
Marie Lundell Olsson,"Granvägen 1, 33579 Norrköping",+46 (0)04 15 00 72,490510-1459
Anna Jonasson,"Nytorget 1, 48773 Piteå",08-10 30 17,710111-6791
Ebba Åkesson,"Kvarntorget 48, 37424 Ängelholm",083-00 14 12,630729-3644
Kristina Olsson,"Parkgatan 1, 28574 Sundsvall",0989-27 66 73,760406-5404
Sarah Andersson,"Nystigen 0, 12397 Östersund",08-130 729 78,420430-8151
Julia Jonasson,"Trädgårdsvägen 277, 45472 Linköping",08-40 93 07,530921-2867
Gertrud Mohammadi-Hosseini,"Aspvägen 5, 69037 Karlskoga",+46 (0)77 13 80 68,900621-8300
Åsa Källström-Edström,"Ringvägen 474, 22370 Malmö",08-22 06 88,670219-4314
Iris Bäck,"Parkstigen 37, 51276 Trollhättan",0049-114 10,470722-7825
Linnea Gustavsson,"Grangränd 7, 41214 Lidköping",08-710 82 20,480729-3370
Charlotte Werner-Olsson,"Kyrkotorget 918, 39385 Örebro",019-19 74 00,400315-1315
Nelly Andersson,"Industrigatan 73, 60267 Kalmar",+46 (0)891 709 95,651210-6565
Ella Wallin,"Stationsvägen 7, 28775 Uddevalla",+46 (0)96 90 62 18,891027-0126
Berit Lund,"Kyrkotorget 63, 82634 Stockholm",0212-88 58 94,360719-1347
Ann-Charlott Jeppsson-Danielsson,"Industrivägen 20, 28536 Varberg",+46 (0)830 919 11,390528-0370
Lisbeth Jonsson-Österberg,"Storvägen 0, 55698 Östersund",0735-81 19 67,580424-2880
Elisabeth Vesterlund,"Storvägen 2, 84458 Lund",0102-716 60,840419-0962
Ester Karlsson,"Björkvägen 30, 91899 Västerås",08-241 414 77,550907-9165
Karin Dahl,"Industrivägen 3, 30549 Skellefteå",0380-29 70 20,530830-8732
Elisabet Berg,"Furuvägen 380, 83778 Linköping",08-36 39 16,560806-9745
Britta Hermansson,"Industrigatan 75, 64479 Uddevalla",+46 (0)8 155 119 70,761217-5484
Kristina Bengtsson,"Skogsvägen 49, 37828 Landskrona",+46 (0)945 622 34,801016-4898
Therese Lindahl-Martinsson,"Parktorget 37, 50950 Sundsvall",08-013 664 29,751230-8458
Emma Gustafsson,"Fabriksgränd 32, 58024 Uddevalla",0283-95 25 09,010215-5330
Jenny Karlsson Borg,"Skogsgränd 17, 74456 Stockholm",0270-142 99,360222-0778
Marie Kvist Stark,"Villavägen 972, 20515 Uppsala",0334-04 73 69,410919-5562
Valborg Sundin,"Skolgränd 20, 33385 Växjö",074-034 96 70,930823-9459
Sandra Sjöström,"Nyvägen 77, 14918 Lidingö",057-75 81 16,020829-7697
Ann-Charlott Andersson Olofsson,"Fabriksgränd 858, 53153 Landskrona",+46 (0)8 665 059 40,940521-7903
Margareta Björk,"Parktorget 227, 22450 Lidingö",0542-128 09,390106-8696
Ingela Moberg,"Industritorget 96, 24007 Eskilstuna",08-463 82 96,661229-4360
Lovisa Lundin,"Grantorget 0, 52726 Nyköping",+46 (0)250 738 92,481025-6307
Karin Blomqvist,"Björktorget 4, 48236 Örebro",08-962 638 67,450426-9301
Inez Andersson Henriksson,"Skolgatan 5, 66406 Västerås",08-16 82 50,881125-6802
Freja Håkansson-Björkman,"Trädgårdsstigen 408, 13451 Uddevalla",+46 (0)444 164 46,620721-3304
Elisabeth Karlsson,"Trädgårdsstigen 97, 73873 Skellefteå",08-746 233 07,500730-9544
Wilma Krantz,"Storvägen 96, 10979 Kalmar",0833-042 08,410213-4998
Elisabet Karlsson,"Strandvägen 72, 73878 Växjö",026-017 17 49,460604-4008
Yvonne Ferm,"Björkstigen 191, 89515 Karlskrona",08-52 81 94,921225-3513
Ingegerd Hermansson,"Järnvägsgränd 3, 77838 Skellefteå",+46 (0)8 128 957 44,810921-9520
Wilma Andersson,"Aspstigen 08, 16072 Karlskoga",0741-44 75 71,690715-3776
Viktoria Lindblom,"Idrottsgatan 535, 36903 Umeå",+46 (0)454 275 93,980723-0439
Sonja Törnqvist,"Storstigen 43, 78682 Luleå",021-199 60 22,700316-2802
Malin Emanuelsson,"Strandgatan 70, 22530 Borås",+46 (0)69 47 00 54,540618-7228
Alice Carlsson,"Ringgatan 502, 91970 Trelleborg",005-124 78 23,741111-0344
Diana Bohlin,"Storvägen 39, 12909 Norrköping",+46 (0)26 00 02 84,880919-9121
Lilly Martinsson Andersson,"Parktorget 11, 64739 Alingsås",08-719 022 93,720527-0692
Ann-Christin Johansson,"Bäckvägen 121, 30949 Trollhättan",+46 (0)924 982 60,710304-5667
My Ahmed,"Skolgatan 104, 29742 Örebro",0994-268 72,861208-3793
Mona Ek,"Åkervägen 861, 22665 Västerås",057-25 36 51,821203-1432
Caroline Jonsson,"Kyrktorget 2, 24326 Ängelholm",061-87 15 69,420716-3587
Ulrika Holmström,"Gengatan 7, 85775 Södertälje",0969-879 30,651218-8118
Michelle Andersson,"Kyrkgatan 5, 36815 Borlänge",+46 (0)8 659 662 15,960712-5987
Nina Holm,"Kyrktorget 1, 18163 Lund",+46 (0)8 181 117 60,361103-9037
Malin Nyman,"Strandgatan 4, 60172 Norrköping",+46 (0)168 678 52,660909-1084
Ebba Malmberg-Pettersson,"Trädgårdstorget 4, 61895 Växjö",08-387 602 30,670319-8652
Maya Johansson,"Ringtorget 0, 80200 Norrköping",016-85 00 38,821214-2049
Evy Lövgren,"Ringvägen 1, 15172 Trelleborg",08-675 070 28,611015-7465
Freja Hellström,"Ringvägen 521, 84969 Helsingborg",081-641 49 70,570924-4312
Lilian Larsson,"Parkstigen 63, 63164 Örebro",+46 (0)851 403 38,060130-5568
Alva Larsson,"Storgatan 84, 63907 Nyköping",+46 (0)8 877 628 07,051024-2373
Mona Åkesson,"Skogsvägen 34, 51889 Östersund",08-99 81 67,030411-1388
Astrid Andersson Westberg,"Trädgårdsgatan 86, 80229 Trollhättan",034-071 52 74,920529-8475
Marie Olsen,"Kyrkgatan 1, 83212 Kristianstad",08-207 267 14,451129-2460
Christina Dahl,"Parkstigen 00, 80634 Alingsås",08-385 24 29,731115-2727
Rut Flink,"Skolgränd 207, 64108 Uppsala",0238-95 44 93,900710-1026
Emilia Eriksson-Hedlund,"Skolgatan 191, 33671 Lund",+46 (0)66 52 32 46,780330-8308
Anna Larsson,"Ekgatan 543, 93609 Södertälje",0546-12 64 67,500117-5636
Helen Arvidsson,"Ekvägen 761, 82913 Ängelholm",0258-262 17,740616-6020
Alicia Persson,"Villagränd 7, 49881 Kristianstad",+46 (0)283 145 01,350706-8579
Beata Backlund,"Idrottsvägen 7, 36212 Skövde",054-73 47 68,931004-0325
Thea Lindquist,"Industrivägen 93, 64836 Kalmar",08-692 35 66,940210-9509
Katarina Hermansson,"Villavägen 04, 93131 Umeå",093-105 84 91,010207-2535
Jenny Hagström,"Skolstigen 479, 84620 Norrköping",+46 (0)163 979 14,001003-9907
Gunilla Danielsson,"Villavägen 538, 99769 Skellefteå",+46 (0)04 83 44 81,620521-9089
Rosa Rosengren Vikström,"Nytorget 9, 10127 Karlskrona",0201-352 83,671206-3400
Marie Hosseini,"Stortorget 060, 79596 Jönköping",08-10 04 08,040413-9156
Alva Blixt,"Björkvägen 0, 63134 Borlänge",+46 (0)06 27 41 69,560130-1566
Mona Nordqvist-Jonsson,"Skogsvägen 0, 11888 Nyköping",08-375 387 43,730524-7251
Greta Arvidsson,"Kvarngatan 8, 45171 Trelleborg",08-853 66 23,530610-3549
Maria Nyström,"Skolgatan 6, 30071 Borås",002-864 34 55,940612-8737
Margareta Johansson,"Skolgatan 047, 97104 Östersund",0334-31 32 84,950709-3822
Greta Persson-Jönsson,"Åkergatan 7, 96228 Kristianstad",0227-380 10,820604-3583
Erika Oskarsson,"Skolvägen 01, 56393 Västerås",022-184 01 71,370902-0154
Kristina Hägglund,"Strandgatan 02, 52242 Lidköping",0899-18 49 15,441022-8888
Margareta Schmidt,"Granvägen 15, 85311 Sandviken",+46 (0)8 104 498 56,730310-5568
Eva Karlsson Håkansson,"Industrigatan 9, 91127 Halmstad",+46 (0)04 29 23 80,390202-9028
Anna Ström,"Storvägen 477, 27289 Luleå",039-43 17 08,541030-7333
Maryam Forsberg,"Bäckgatan 8, 56136 Halmstad",08-96 76 13,841210-2538
Matilda Thorén,"Ängsvägen 72, 29962 Ängelholm",+46 (0)242 470 50,610817-9885
Agneta Lundin,"Järnvägsgatan 043, 31561 Stockholm",08-518 19 51,410404-6919
Beatrice Wall Sjöberg,"Järnvägstorget 3, 60378 Falun",073-93 83 38,480221-2193
Nicole Berggren,"Ängsgatan 9, 93491 Lidköping",092-358 77 72,500226-1625
Marit Frisk,"Villavägen 035, 26090 Motala",088-347 15 56,800402-6905
Maria Pettersson,"Villavägen 27, 57891 Örebro",08-73 08 22,770715-4147
Inger Söderlund,"Trädgårdsvägen 8, 55663 Lund",08-577 58 56,440603-3151
Barbro Svensson-Hosseini,"Fabriksstigen 73, 62566 Malmö",08-092 433 08,831029-2936
Mila Larsson,"Storvägen 744, 55763 Jönköping",0340-96 99 26,070119-5604
Linnea Ekberg,"Skogsgatan 9, 24472 Södertälje",+46 (0)8 797 419 04,050313-8067
Marie Karlsson,"Nyvägen 366, 29309 Eskilstuna",0670-958 06,030330-5338
Louise Rask,"Skolstigen 09, 96709 Varberg",08-27 66 67,460319-8310
Karin Lindholm,"Ekvägen 7, 23011 Umeå",0001-31 09 83,661105-0391
Marie Ågren,"Industritorget 18, 23510 Eskilstuna",08-81 62 31,810417-8192
Yvonne Lindblom,"Industrigatan 194, 93595 Lund",+46 (0)11 64 65 56,880721-1449
Filippa Andersson,"Furugatan 6, 92612 Stockholm",08-979 037 34,910425-0569
Margit Nilsson Petersson,"Nytorget 975, 70910 Uppsala",+46 (0)71 51 69 74,370824-9903
Christina Isaksson,"Åkerstigen 05, 52786 Uddevalla",08-082 204 44,501222-6584
Elisabet Andersson-Nyberg,"Stationsstigen 77, 95479 Skellefteå",+46 (0)769 918 70,600918-0651
Lena Eriksson,"Grangränd 9, 52169 Umeå",08-05 02 19,430822-7596
Anneli Eriksson,"Strandgatan 9, 79201 Landskrona",099-561 86 75,880412-3118
Birgitta Dahl,"Björkgränd 726, 18584 Kristianstad",08-081 730 13,470720-1630
Patricia Olsson,"Nygatan 1, 52368 Lund",0083-38 37 77,990131-4873
Isabel Svensson,"Ängsgränd 5, 14171 Borlänge",073-40 17 53,520519-5133
Sofia Christensen,"Nyvägen 992, 89452 Örebro",0824-650 24,421220-9953
Matilda Gustafsson-Sjöberg,"Ekgränd 1, 89805 Falun",0100-703 85,680612-3284
Ingegerd Skoglund,"Strandvägen 04, 49503 Falun",08-825 44 86,771019-7539
Lina Lidström Persson,"Genvägen 937, 46288 Södertälje",+46 (0)01 57 69 27,650630-0398
Eva Öberg,"Kyrkvägen 6, 36868 Borlänge",077-323 72 29,870606-4063
Abdi Davidsson,"Bäckgränd 300, 63255 Örebro",0531-93 49 92,860506-6011
Jessica Hansen,"Storgatan 1, 83618 Nyköping",+46 (0)567 861 51,800327-1791
Karin Augustsson,"Idrottsgatan 907, 27118 Eskilstuna",+46 (0)48 62 17 71,490520-6670
Ann-Charlotte Åkesson,"Idrottsgatan 505, 97829 Trollhättan",+46 (0)8 811 727 67,870302-7774
Maria Öberg,"Skogsstigen 7, 27789 Nyköping",+46 (0)8 548 666 47,400928-6537
Elisabet Ljungberg,"Fabriksvägen 27, 86426 Varberg",08-458 541 34,470112-5371
Pia Alexandersson Brodin,"Skolgatan 931, 62743 Malmö",+46 (0)77 06 69 64,940314-4687
Anette Petersson,"Kyrkovägen 72, 51671 Örnsköldsvik",0705-261 43,780619-1628
Eva Klasson,"Industrivägen 1, 49486 Örebro",036-082 07 85,690918-3318
Jenny Nyman,"Kvarngatan 0, 45248 Skellefteå",0315-970 14,920210-4320
Sara Karlsson,"Åkergatan 24, 44207 Karlskrona",+46 (0)349 175 72,050118-1887
Ella Johnsson,"Villavägen 276, 23417 Halmstad",0742-096 66,661223-2626
Mariann Söderlund,"Björkgränd 761, 93426 Stockholm",085-69 09 76,921013-4327
Annelie Sundström Ahmed,"Grangränd 6, 26459 Kalmar",08-40 20 98,050316-9872
Elin Carlsson,"Fabriksgatan 7, 81355 Karlstad",+46 (0)8 119 338 33,010318-7761
Sara Green,"Industristigen 112, 98204 Lidingö",+46 (0)003 412 47,010921-4098
Maya Ek,"Ringvägen 5, 58870 Mölndal",0226-977 11,360220-5001
Viktoria Hansson-Karlsson,"Idrottsgatan 4, 68401 Sundsvall",+46 (0)8 456 670 22,550214-0477
Ebba Forsell-Larsson,"Parkvägen 94, 21724 Varberg",089-536 09 11,921206-6980
Lova Borgström-Wikström,"Backgatan 007, 77193 Trelleborg",0374-080 53,351031-1156
Eva Ivarsson-Karlsson,"Trädgårdsvägen 4, 78377 Lidingö",08-42 05 88,421127-7167
Åsa Falk,"Kvarnvägen 22, 73238 Umeå",0295-274 23,041105-3135
Maria Rydén,"Furugatan 741, 10929 Gävle",08-51 80 74,851027-1458
Marianne Johansson-Johansson,"Storvägen 1, 98548 Örnsköldsvik",08-615 13 77,810924-6747
Elisabet Brink,"Gengatan 8, 15699 Helsingborg",0182-37 77 84,491216-2650
Sandra Berg-Söderman,"Stationsgränd 47, 66960 Trollhättan",0617-448 58,860720-5146
Michelle Stark Martinsson,"Parkgränd 3, 74761 Norrköping",+46 (0)822 859 33,601224-4346
Eva Hjalmarsson,"Industrigatan 8, 12961 Landskrona",+46 (0)237 594 61,541229-5833
Tina Hammarström,"Industrigatan 547, 48570 Sandviken",0552-76 95 10,970512-8305
Anna Edström,"Skogsgatan 652, 25462 Lidingö",08-465 714 76,030720-9973
Ruth Omar,"Ängsvägen 02, 16410 Lidköping",08-06 48 61,540411-6336
Stella Andersson Hansson,"Fabriksgatan 87, 10703 Alingsås",08-100 15 66,660925-8436
Eva Svensson,"Industrigatan 607, 67196 Lidköping",0359-88 42 42,040131-0016
Agneta Zhang,"Gengränd 5, 69690 Alingsås",08-51 24 96,010607-6805
Cecilia Borg,"Järnvägsvägen 1, 20237 Örnsköldsvik",+46 (0)501 833 34,700411-6757
Lina Larsson,"Nyvägen 80, 51784 Gävle",08-44 00 20,670428-7017
Jenny Petersson-Ottosson,"Kvarngatan 077, 50054 Uppsala",08-244 840 58,940921-4039
Kristina Carlsson,"Furuvägen 406, 10934 Kalmar",044-56 46 36,500318-9833
Lovisa Larsson,"Furuvägen 109, 77486 Lund",+46 (0)8 742 672 60,461224-9195
Ing-Marie Wennberg,"Fabriksgränd 55, 45869 Sundsvall",070-40 14 87,361111-3899
Ing-Britt Sjölin,"Åkerstigen 2, 82587 Karlstad",08-283 45 79,700320-8738
Yasmin Nilsson,"Parkgatan 41, 14946 Södertälje",08-991 016 05,641015-5045
Vera Andersson,"Skolgatan 8, 50948 Linköping",0396-64 00 72,441119-7330
Daniella Björk,"Fabrikstorget 9, 93573 Falun",097-81 48 60,430501-5853
Yvonne Aronsson,"Parkstigen 15, 61628 Göteborg",08-294 68 79,950614-2836
Johanna Johansson,"Industrivägen 439, 22290 Halmstad",033-735 30 19,450220-3229
Felicia Jeppsson,"Idrottsgatan 28, 44636 Södertälje",08-18 75 45,810701-7363
Nina Hellström,"Villatorget 16, 18783 Örebro",0531-164 84,421205-9713
Margareta Hallberg Mohamed,"Åkerstigen 080, 61500 Kristianstad",024-733 95 07,900602-3726
Ingegärd Larsson,"Industrivägen 223, 50840 Lidköping",079-70 40 22,541201-9092
Laila Johansson,"Stationsgatan 6, 93606 Linköping",08-16 65 07,410406-3831
Ebba Andersson,"Storgränd 0, 40402 Karlskrona",0401-996 41,420211-2910
Sandra Karlsson,"Backvägen 50, 24223 Kristianstad",0511-552 70,570529-2893
Tilde Nyberg Svensson,"Kyrkstigen 45, 99449 Västerås",08-82 51 76,890101-0481
Antonia Eriksson,"Parktorget 30, 83819 Stockholm",+46 (0)8 914 078 24,970131-9494
Jeanette Pettersson,"Åkervägen 74, 54518 Karlstad",08-18 31 69,640207-1176
Linnéa Westerlund,"Industristigen 06, 92616 Piteå",083-998 46 74,011129-2405
Sofia Pettersson,"Fabriksgatan 3, 25720 Södertälje",08-790 75 50,480219-6958
Ahmed Brolin,"Industrivägen 2, 38219 Örnsköldsvik",072-16 65 95,651217-3912
Britt Svärd,"Strandgränd 13, 91904 Alingsås",08-449 03 45,380219-1373
Viktoria Thorén Eriksson,"Gengatan 17, 80339 Falun",0170-96 53 74,990429-0559
Lisbet Eriksson,"Granvägen 92, 61099 Lidingö",08-42 41 70,891030-3471
Ann-Sofie Persson,"Storvägen 5, 13929 Uddevalla",+46 (0)711 516 88,960806-7808
Marika Petersen,"Genvägen 6, 68346 Eskilstuna",+46 (0)36 04 19 95,061022-1343
Pernilla Forsberg,"Industrigatan 8, 91343 Ängelholm",+46 (0)17 99 37 69,401110-9719
Elin Blom,"Furuvägen 1, 71239 Karlskoga",0335-014 84,611223-8008
Tindra Berglund,"Furuvägen 43, 98974 Skövde",+46 (0)47 22 79 07,041004-4440
Marina Hansson-Frisk,"Järnvägsgatan 359, 84129 Södertälje",08-340 012 92,420922-8909
Linda Andersson,"Stationsgatan 47, 36006 Karlskoga",+46 (0)8 075 202 34,440828-9884
My Johansson,"Skolvägen 174, 33343 Örebro",+46 (0)8 268 187 17,391121-3928
Britt-Marie Lundström,"Villagatan 8, 61108 Gävle",08-361 536 32,380131-5510
Hanna Alfredsson,"Bäckgränd 97, 77756 Helsingborg",0474-00 50 45,351123-4134
Lovisa Persson Gunnarsson,"Skolgatan 37, 35950 Örebro",008-656 64 24,440107-5637
Eivor Bengtsson,"Nygatan 45, 99468 Eskilstuna",+46 (0)81 80 55 37,010826-5976
Lovisa Axelsson,"Järnvägstorget 48, 46893 Västerås",08-84 06 72,810311-0196
Kristina Blixt,"Skolstigen 09, 61795 Uppsala",+46 (0)36 07 77 97,780906-7700
Anita Eriksson,"Industristigen 07, 36634 Lund",08-76 92 14,870206-1931
Ingrid Persson,"Industrivägen 05, 76444 Trelleborg",+46 (0)407 532 72,690226-7522
Britta Larsson,"Björkstigen 0, 33321 Sandviken",08-427 37 25,740618-8388
Johanna Friberg,"Skogsstigen 5, 81766 Ängelholm",08-875 07 77,440202-6167
Viola Hedman Bergström,"Skolgatan 6, 71289 Kristianstad",+46 (0)214 173 67,041021-0876
Karin Brolin,"Furugatan 939, 66421 Östersund",08-711 64 64,680714-5492
Anne Dahl,"Ekgränd 1, 53269 Uppsala",+46 (0)8 375 265 21,551021-3902
Carin Svensson Johansson,"Aspgränd 05, 92511 Trelleborg",+46 (0)47 80 08 45,491207-7031
Michelle Hedberg,"Kyrkstigen 98, 50857 Uppsala",08-013 011 38,790311-4127
Pia Lindblom,"Villastigen 823, 20090 Varberg",+46 (0)35 03 99 86,600315-9438
Linnéa Larsson,"Strandstigen 0, 22608 Lidköping",+46 (0)8 808 699 16,670318-0346
Eva Lindberg,"Kyrkostigen 5, 24874 Lund",0614-333 18,661202-4429
Birgit Andersson,"Nygatan 973, 29427 Uddevalla",0686-095 29,050416-1431
Gisela Karlsson,"Parkstigen 831, 36385 Norrköping",0758-82 38 79,380601-5578
Kerstin Brandt,"Kyrkgatan 8, 97163 Lidingö",+46 (0)8 408 803 10,870517-1141
Margaretha Svensson,"Industrivägen 2, 45245 Landskrona",065-277 75 39,400518-2425
Maria Nyström-Nilsson,"Strandtorget 253, 76902 Borlänge",0272-01 97 89,881124-5011
Anne-Marie Westman,"Järnvägsgatan 840, 29966 Landskrona",0724-33 89 26,770916-0571
Filippa Sjögren,"Parktorget 56, 90194 Luleå",027-722 67 23,680623-6474
Clara Holmström,"Ekstigen 873, 52827 Kristianstad",08-043 493 24,581102-8637
Maria Englund,"Industrigränd 518, 28667 Motala",08-68 33 68,710429-8620
Carin Andersson,"Skolgränd 9, 49885 Halmstad",+46 (0)77 71 68 42,740323-4409
Carina Christensen,"Stationsgatan 759, 17885 Karlstad",+46 (0)280 094 05,010404-6354
Fanny Karlsson,"Skolvägen 296, 26804 Motala",087-646 67 80,761006-8749
Mariana Lindgren,"Järnvägsgränd 469, 63725 Ängelholm",082-280 99 55,440224-9439
Marie Adolfsson,"Stationsgatan 4, 48397 Sandviken",08-180 879 00,670709-7199
Margareta Lundberg,"Trädgårdsvägen 3, 88821 Stockholm",0677-948 15,681002-1789
Mikaela Larsson,"Skolgatan 388, 49378 Luleå",+46 (0)01 62 64 66,600915-9754
Catharina Carlsson,"Järnvägsgränd 933, 52517 Trollhättan",08-16 09 50,411026-6477
Amanda Håkansson Johansson,"Kvarntorget 624, 78235 Sundsvall",08-326 78 70,041204-2210
Valentina Lindgren,"Kvarngränd 201, 64743 Landskrona",08-408 595 43,061112-5832
Margareta Andersson,"Kvarngatan 37, 31689 Uddevalla",08-67 85 81,750406-2584
Viktoria Franzén,"Trädgårdsstigen 79, 91004 Lidingö",0468-835 36,851019-2308
Katarina Holmberg,"Nystigen 02, 77213 Skellefteå",0532-72 09 15,710609-6535
Helena Gustafsson,"Gengatan 1, 78798 Motala",052-37 27 97,700710-1087
Johanna Andersson,"Bäckgatan 63, 63900 Sundsvall",+46 (0)09 07 07 38,620603-8850
Siri Nilsson,"Kvarngatan 57, 36312 Kristianstad",+46 (0)829 414 51,800306-5847
Frida Nilsson,"Ängsgatan 2, 99721 Skellefteå",08-18 54 03,520328-2842
My Larsen,"Parkgränd 3, 46100 Mölndal",+46 (0)46 06 30 60,440512-1270
Linda Lundqvist,"Gengatan 86, 94171 Umeå",+46 (0)8 691 787 69,760120-4154
Linnéa Johansen,"Ringvägen 70, 88385 Borlänge",+46 (0)37 33 66 76,690123-9977
Eva Eklund Andersson,"Villavägen 7, 84617 Östersund",066-08 87 36,530808-9696
Evelina Lindskog,"Idrottsgatan 912, 93896 Lidköping",+46 (0)8 237 714 94,910526-8503
Helen Nilsson,"Skolgatan 6, 72988 Helsingborg",08-933 30 24,950814-2750
Ing-Marie Almqvist,"Ringvägen 86, 75761 Lund",+46 (0)8 956 222 32,921231-2673
Linnea Carlsson,"Villagatan 768, 65009 Kristianstad",078-11 50 77,650218-3392
Katarina Persson,"Kvarngatan 914, 36230 Mölndal",+46 (0)8 246 182 24,920623-5336
Frida Lindberg,"Fabriksgatan 209, 98750 Karlskoga",0201-11 51 68,380402-5223
Carina Malmqvist,"Ringgränd 3, 49297 Varberg",+46 (0)8 490 138 40,001015-8624
Camilla Eriksson,"Fabriksvägen 151, 59907 Trelleborg",0102-43 30 01,840828-8945
Eva Linde,"Idrottsvägen 0, 29487 Norrköping",08-779 59 18,640122-9411
Eva Jonsson,"Villagatan 97, 37396 Karlskrona",+46 (0)8 633 527 70,810825-2753
Susann Gustafsson,"Trädgårdsstigen 3, 22858 Trelleborg",08-30 79 94,741222-7501
Anna-Lena Fredriksson,"Granvägen 127, 72067 Borlänge",08-871 06 00,040814-4327
Anna Skog,"Villagränd 0, 58987 Karlstad",+46 (0)8 699 728 87,381120-9885
Felicia Nilsson,"Parkgatan 3, 97888 Helsingborg",049-28 68 76,850228-1978
Susanne Turesson,"Strandstigen 257, 52727 Karlskoga",08-602 597 28,620828-1441
Sonia Olsson,"Industrigränd 0, 38830 Örnsköldsvik",006-395 36 19,010602-2940
Viktoria Mohammed,"Storgatan 6, 74699 Borås",+46 (0)17 77 50 70,390706-5712
Yvonne Andersson,"Nyvägen 8, 44360 Uddevalla",+46 (0)8 607 322 36,901124-3400
Karolina Blom,"Skolvägen 36, 46203 Örebro",08-484 34 06,911111-4402
Emma Ali,"Skolvägen 252, 38575 Linköping",08-49 13 26,780718-5090
Helena Jansson,"Strandtorget 15, 56167 Östersund",08-49 58 87,600508-9435
Birgitta Davidsson,"Bäckgatan 6, 56593 Umeå",08-960 13 20,860713-8024
Hedvig Björk,"Furustigen 10, 66568 Sandviken",0441-102 88,890419-2955
Marie Malm,"Furugatan 98, 79732 Malmö",+46 (0)8 451 838 55,900522-5926
Linnea Johnsson,"Skolstigen 7, 67640 Skövde",08-545 452 80,470606-3262
Elsie Persson Lidström,"Parktorget 2, 68636 Sandviken",+46 (0)955 974 10,780627-8714
Elise Söderman,"Kvarnvägen 8, 35146 Uppsala",067-55 76 19,751005-1860
Isabelle Wahlgren,"Ängsstigen 796, 75978 Sandviken",08-49 45 14,951223-4403
Margret Brandt,"Parkvägen 89, 42271 Varberg",0060-45 66 14,050623-3907
Lisbet Berglund,"Industrivägen 0, 48496 Kalmar",08-330 956 83,580615-1113
Ingrid Karlsson,"Kvarntorget 9, 53652 Halmstad",08-067 82 58,810529-0871
Ibrahim Andersen,"Björkgatan 0, 93073 Jönköping",0529-07 62 39,430102-8306
Maj Falk,"Industritorget 07, 93914 Södertälje",+46 (0)8 921 187 38,850116-7558
Cecilia Holm,"Ängsstigen 7, 77768 Eskilstuna",+46 (0)163 151 85,940822-3189
Maria Larsson,"Storgatan 8, 47019 Luleå",061-75 51 44,640716-8654
Lilian Pettersson,"Parkvägen 7, 76002 Uddevalla",0636-06 55 82,970116-2787
Nour Persson Lidström,"Trädgårdsvägen 779, 62230 Sundsvall",+46 (0)04 05 90 51,910301-3570
Marianne Andersson,"Skogsvägen 90, 91152 Nyköping",08-023 631 05,390224-9725
Solveig Lindström,"Åkergatan 936, 81672 Alingsås",0854-912 22,891121-8041
Tuulikki Molin,"Fabriksgränd 659, 38032 Helsingborg",0501-18 81 33,820827-1828
Inger Svensson Andersson,"Stationsgatan 8, 75400 Uddevalla",0800-45 94 29,740830-3035
Eva Nordström,"Furugatan 703, 57380 Kalmar",+46 (0)65 89 60 91,720218-1660
Stella Björk,"Kyrkvägen 967, 64300 Trollhättan",+46 (0)529 703 23,410829-6163
Sofia Lindgren,"Backstigen 4, 62258 Trelleborg",08-052 591 82,430511-1629
Lisa Isaksson-Johnsson,"Industrigränd 2, 87738 Malmö",082-034 86 79,470622-7867
Engla Larsson-Öberg,"Skolgatan 2, 22915 Lidingö",053-036 84 95,440217-6293
Maria Erlandsson,"Kyrkgatan 4, 75077 Malmö",08-06 68 64,460524-2876
Margareta Ågren,"Parkstigen 522, 24160 Kalmar",08-452 68 86,690718-9101
Helena Eklund Jakobsson,"Nystigen 4, 11935 Stockholm",048-21 08 37,011029-6852
Eva Södergren,"Nystigen 3, 68964 Halmstad",044-44 25 80,551014-9866
Nadia Edström,"Industrivägen 448, 31689 Gävle",+46 (0)565 101 80,540116-4602
Linda Lundgren,"Villatorget 041, 15737 Södertälje",0125-164 64,870930-6461
Irene Hassan,"Ekvägen 247, 22426 Kalmar",+46 (0)8 119 967 44,430703-4134
Ida Stenström,"Storstigen 81, 66399 Växjö",08-27 53 42,721012-5659
Alba Eriksson,"Granvägen 7, 24618 Landskrona",0678-66 70 63,760516-9296
Lilian Johansson,"Backgatan 5, 81167 Motala",+46 (0)35 98 46 15,870818-9462
Birgitta Johansson,"Grangatan 80, 24112 Piteå",037-65 73 77,831226-2531
Lovisa Hedberg,"Skolgatan 190, 69374 Växjö",0934-29 98 87,530830-3527
Susanne Molin-Sjölin,"Storgatan 77, 47052 Piteå",+46 (0)97 58 13 92,850630-1954
Helén Johansson,"Åkergatan 1, 97425 Östersund",+46 (0)914 167 08,760413-3962
Emelie Khan,"Granvägen 43, 97942 Trollhättan",+46 (0)8 274 849 64,611114-2755
Maria Lundqvist,"Stationsgränd 01, 47429 Trelleborg",087-806 42 50,910207-5331
Ingrid Larsson,"Järnvägsvägen 81, 30816 Luleå",011-042 91 48,510519-9201
Ingela Hagman Johansson,"Industristigen 2, 65196 Jönköping",+46 (0)38 91 53 76,610620-8330
Linnea Wang,"Fabriksvägen 6, 58977 Sundsvall",08-08 94 73,720628-2324
Kerstin Gustafsson,"Ektorget 729, 28747 Uddevalla",056-45 80 50,550512-0229
Christina Sjölund,"Idrottsvägen 227, 68113 Piteå",+46 (0)8 050 300 33,830908-8246
Helen Jonsson-Fredriksson,"Skolgatan 39, 63141 Göteborg",055-107 34 30,741009-4614
Malin Larsson,"Ringvägen 978, 70434 Lidingö",+46 (0)76 51 18 68,990816-5161
Maria Danielsson Nilsson,"Kyrkotorget 415, 22455 Kristianstad",+46 (0)993 459 74,931028-8825
Siv Alm,"Skolvägen 50, 94699 Västerås",+46 (0)96 32 60 93,411219-0204
Signe Eriksson-Holmberg,"Fabriksstigen 0, 24573 Karlskrona",0050-531 67,500902-1220
Sophia Omar,"Parktorget 6, 62509 Varberg",040-699 07 37,681114-4002
Maria Högberg,"Ekvägen 4, 25743 Alingsås",060-43 08 06,750416-7920
Jessica Martinsson,"Ekgatan 999, 46727 Kristianstad",066-84 44 80,820322-8260
Suzanne Adolfsson,"Stationsgatan 910, 69122 Norrköping",08-36 27 23,041020-5371
Signe Andersson Hellström,"Järnvägsgatan 21, 90057 Halmstad",0882-338 66,011109-1492
Elisabet Persson,"Ängsgränd 50, 60635 Borås",08-091 58 99,550718-8943
Karin Norén,"Idrottsgatan 573, 35213 Uddevalla",0383-94 33 70,011116-3267
Ingrid Johansson Lundberg,"Parktorget 48, 66253 Uddevalla",0440-240 76,770429-7501
Cecilia Persson,"Gentorget 23, 58122 Skövde",+46 (0)389 133 27,540614-9160
Felicia Johansson,"Bäckgränd 79, 35784 Västerås",019-91 86 14,541020-7657
Agneta Johansson,"Industrigatan 8, 99295 Karlstad",+46 (0)8 433 721 73,810516-5800
Karin Lundqvist,"Björkgatan 19, 69858 Örnsköldsvik",047-618 29 58,020711-6625
Frida Karlsson,"Granvägen 9, 36607 Umeå",0440-131 74,790105-4275
Irene Lundin,"Industrigatan 4, 85664 Växjö",005-050 70 46,790907-6270
Margareta Jansson,"Skolvägen 78, 71474 Eskilstuna",08-92 71 57,380321-3721
Birgitta Bohlin,"Kvarngatan 224, 31260 Trelleborg",08-582 97 43,880321-5667
Märta Olsson,"Kvarntorget 3, 10033 Göteborg",+46 (0)24 97 63 70,600825-1057
Cecilia Andersson,"Åkervägen 36, 92200 Uddevalla",082-80 51 76,940925-9703
Jenny Sundqvist,"Järnvägsvägen 7, 57441 Östersund",0238-157 38,750425-2219
Gunilla Ismail,"Ringgränd 04, 45573 Stockholm",0621-779 46,391223-1101
Märta Pettersson,"Kyrkovägen 29, 94734 Eskilstuna",+46 (0)8 426 176 02,850110-2126
Agneta Samuelsson,"Skogsvägen 618, 66992 Uddevalla",+46 (0)958 871 67,500911-0213
Helena Eliasson,"Skolvägen 659, 69925 Lidingö",011-55 30 06,691224-2689
Charlotte Johansson,"Parkstigen 555, 33240 Karlstad",08-971 42 20,530116-4132
Malva Bergman,"Trädgårdsvägen 4, 34045 Ängelholm",+46 (0)98 02 79 61,480913-1966
Elisabeth Svensson Johansson,"Skolgatan 4, 86812 Malmö",08-124 61 70,770714-3595
Helena Rasmussen,"Åkerstigen 32, 80305 Halmstad",+46 (0)8 705 325 14,020129-8650
Olivia Malm,"Genvägen 3, 18922 Växjö",08-695 917 36,531001-9541
Natalie Karlsson,"Kyrkovägen 139, 98602 Nyköping",+46 (0)8 403 699 19,990720-2171
Klara Eriksson,"Parkstigen 5, 94172 Ängelholm",0293-787 94,710824-0206
Carina Karlsson,"Kyrkvägen 644, 84490 Landskrona",08-050 705 96,760925-9945
Josefine Nilsson,"Furutorget 956, 18239 Uppsala",0992-61 03 25,720302-4638
Annie Lundgren,"Åkergatan 6, 11961 Örebro",066-759 64 70,710630-2347
Zahra Olsson-Eriksson,"Skolgatan 39, 90651 Umeå",007-39 39 98,000121-2265
Joline Gren,"Nygatan 919, 69667 Sundsvall",070-369 32 94,930305-9506
Rose-Marie Westerberg-Landström,"Kyrkogatan 479, 64519 Jönköping",08-244 942 01,500523-1906
Marie Johannesson-Högberg,"Parkgatan 598, 49344 Helsingborg",084-60 24 59,901114-1687
Kristina Lindkvist Månsson,"Åkervägen 42, 84380 Lidköping",+46 (0)421 488 34,610503-2723
Ingegerd Hansson-Pettersson,"Industristigen 20, 62721 Göteborg",028-76 20 61,010111-4825
Margaretha Nielsen,"Kyrkogränd 07, 18553 Skövde",046-41 31 50,860116-5080
Inger Andersson,"Industrivägen 03, 73577 Östersund",+46 (0)384 277 54,421004-0905
Anita Ottosson,"Stortorget 361, 32409 Motala",+46 (0)782 495 89,650727-5763
Margareta Sandström,"Furuvägen 3, 59407 Södertälje",063-25 43 05,661005-6548
Caroline Mohamed Johansson,"Kvarnstigen 28, 89507 Helsingborg",0281-99 05 64,501225-9973
Mary Ahlström,"Skogsstigen 6, 10993 Malmö",048-62 36 62,630220-1436
Anna Olsson-Johansson,"Parktorget 6, 28398 Kristianstad",032-06 18 21,580816-4684
Carin Hagberg Palmgren,"Fabriksgatan 346, 21128 Ängelholm",+46 (0)68 69 32 71,700921-3088
Birgitta Brandt,"Bäckgatan 988, 18653 Karlskoga",029-715 53 42,691125-3695
Moa Fredriksson-Bäck,"Björkgatan 8, 58714 Malmö",078-149 42 91,871118-1928
Terese Rosengren,"Skoltorget 49, 41265 Mölndal",+46 (0)03 48 52 87,710507-3238
Elisabeth Jansson,"Aspgränd 5, 20824 Borås",+46 (0)00 00 33 87,351129-4161
Marie Edström,"Kyrkvägen 7, 21342 Halmstad",08-13 64 98,800426-6428
Jane Ek,"Åkergatan 9, 35419 Karlskrona",035-27 23 92,870720-1813
Maria Blom,"Björkvägen 7, 81265 Stockholm",08-760 82 96,991106-3973
Pernilla Engström,"Nyvägen 5, 57859 Lidingö",0044-704 77,560513-7834
Marie Isaksson,"Industristigen 239, 91185 Ängelholm",058-395 57 42,770716-1829
Ulla Eriksson,"Parkstigen 293, 82253 Borås",+46 (0)8 194 763 72,420515-5866
Pia Sjöstedt,"Backstigen 518, 84815 Växjö",092-547 54 87,630711-4477
Katarina Karlsson-Lindgren,"Stationsgatan 59, 14270 Kristianstad",+46 (0)525 932 93,461117-4469
Elisabet Falk,"Storvägen 0, 63947 Norrköping",019-348 79 71,581122-2255
Inger Björklund,"Skolgatan 955, 55623 Uppsala",+46 (0)8 259 733 20,860227-5433
Johanna Isaksson,"Strandvägen 5, 84091 Lidingö",032-596 13 40,580504-0457
Carina Hedman,"Industrigatan 982, 52783 Malmö",080-36 41 28,380415-5368
Karolina Karlsson-Backman,"Gentorget 5, 30659 Karlstad",0215-992 60,430221-9953
Lisa Hassan,"Bäckgränd 4, 29666 Jönköping",034-35 16 16,750620-1875
Nova Andersson,"Furustigen 93, 16339 Växjö",+46 (0)11 51 98 50,920507-6327
Johanna Rydén-Ericson,"Strandgränd 813, 39744 Landskrona",076-92 29 75,510619-2601
Kerstin Persson,"Ringgatan 475, 12585 Helsingborg",08-726 50 50,780628-1619
Filippa Hallberg,"Nygatan 513, 22695 Örebro",08-05 42 91,460327-4996
Maj Hammar,"Furuvägen 576, 49096 Västerås",08-987 29 10,380222-3051
Kristina Andreasson Larsson,"Industrivägen 8, 86480 Norrköping",08-54 44 24,381123-2937
Helene Englund,"Nyvägen 1, 20687 Västerås",+46 (0)36 14 17 41,420409-4124
Klara Robertsson,"Ängstorget 866, 51673 Sundsvall",08-960 721 45,480314-7307
Jenny Vikström,"Industrigränd 99, 58953 Uppsala",069-387 67 60,851104-3807
Ebba Svanberg,"Industrigatan 129, 55528 Trollhättan",08-12 56 20,720217-9342
